age,sex,cholesterol,blood_pressure_systolic,blood_pressure_diastolic,heart_rate,bmi,smoking,family_history,risk_level
63,1,247.0,135,62,63.0,24.35,0,0,1
76,0,212.0,156,84,74.0,,0,0,1
53,1,299.0,154,104,,23.3,1,0,1
39,0,288.0,147,97,103.0,38.59,1,0,1
67,0,335.0,142,104,54.0,29.44,0,0,1
32,1,334.0,200,114,62.0,,0,0,1
45,0,354.0,90,79,77.0,37.21,0,0,0
63,1,153.0,170,111,92.0,26.69,0,0,1
43,1,363.0,155,103,96.0,25.37,0,1,1
47,1,284.0,118,104,120.0,22.56,1,0,1
35,0,210.0,173,93,87.0,,0,0,0
35,0,256.0,159,80,116.0,24.97,1,0,1
48,1,203.0,97,115,111.0,32.9,1,0,0
77,1,237.0,118,114,88.0,24.37,1,0,1
60,1,217.0,140,107,86.0,30.7,0,0,1
64,0,369.0,122,82,57.0,19.45,0,0,1
48,1,356.0,92,65,101.0,22.21,0,0,0
27,1,278.0,149,110,82.0,26.96,0,0,0
46,1,204.0,124,112,91.0,38.61,0,0,0
77,0,152.0,158,72,76.0,,0,0,1
26,1,355.0,180,108,57.0,,0,0,1
48,1,,197,82,72.0,,0,0,1
68,1,391.0,165,68,113.0,20.79,1,0,2
54,0,270.0,173,76,69.0,19.29,0,0,1
62,1,278.0,198,120,65.0,24.72,0,0,1
26,1,251.0,109,61,,21.47,0,0,0
45,0,187.0,162,78,68.0,21.83,1,0,1
57,1,234.0,128,78,57.0,34.74,0,0,1
36,1,389.0,93,115,87.0,18.35,0,1,1
46,0,306.0,108,66,87.0,30.27,0,1,1
68,0,282.0,191,113,102.0,26.35,1,0,1
49,1,390.0,180,101,80.0,29.14,1,0,1
73,0,351.0,134,101,93.0,30.38,0,0,1
51,1,241.0,132,118,109.0,24.89,0,0,0
66,0,170.0,102,79,66.0,24.49,0,0,0
52,1,391.0,102,68,88.0,34.13,0,0,1
40,0,,149,76,91.0,37.17,0,0,1
39,1,344.0,146,86,97.0,22.24,1,0,1
71,1,258.0,175,106,61.0,20.15,1,0,1
75,1,,181,61,67.0,37.75,0,0,1
68,1,233.0,141,95,,25.7,0,0,1
79,0,232.0,200,78,92.0,30.13,0,0,1
76,1,184.0,142,76,84.0,25.91,1,0,1
27,0,345.0,198,64,103.0,20.77,1,0,1
61,0,218.0,175,98,111.0,30.97,0,0,1
75,0,278.0,132,77,118.0,29.55,0,0,1
31,1,345.0,172,112,65.0,22.47,0,0,1
45,1,289.0,161,113,57.0,27.94,0,1,1
33,1,337.0,161,118,80.0,35.53,1,0,1
63,0,176.0,131,66,59.0,30.99,0,0,0
42,0,205.0,179,76,105.0,20.13,1,0,1
28,1,383.0,115,98,,30.06,0,1,1
49,0,172.0,112,95,69.0,,1,0,0
38,1,302.0,132,99,54.0,35.44,0,0,0
74,0,170.0,166,104,72.0,31.84,1,0,1
33,1,210.0,117,63,58.0,21.36,0,1,0
50,1,212.0,98,97,107.0,33.62,0,0,0
77,0,271.0,109,84,108.0,32.9,0,0,1
26,0,201.0,145,64,103.0,18.54,0,0,0
44,1,237.0,172,89,95.0,27.06,0,1,1
52,1,302.0,128,71,71.0,25.32,0,0,1
71,0,386.0,140,63,113.0,32.73,1,0,2
31,1,204.0,101,83,57.0,22.75,0,0,0
68,0,195.0,168,88,69.0,31.0,1,0,1
32,0,181.0,184,68,100.0,38.09,1,0,1
71,1,204.0,144,63,88.0,35.55,0,1,1
59,0,245.0,167,110,86.0,,0,0,1
38,1,282.0,100,83,99.0,39.53,0,0,0
41,0,185.0,115,73,83.0,18.23,0,0,0
60,0,259.0,131,64,82.0,31.7,0,0,1
74,1,383.0,116,77,80.0,27.08,1,0,1
64,0,326.0,100,101,103.0,,0,0,1
28,1,255.0,127,116,93.0,,0,0,0
26,0,207.0,187,78,83.0,39.58,0,0,0
30,0,188.0,132,71,120.0,31.5,1,0,0
78,0,229.0,108,77,111.0,35.46,0,0,1
66,1,246.0,153,76,72.0,19.88,0,1,1
28,0,262.0,95,89,95.0,22.04,0,0,0
78,1,362.0,135,83,105.0,34.68,0,0,1
53,1,210.0,191,70,56.0,18.48,1,0,1
42,1,286.0,131,94,110.0,35.97,1,0,1
50,0,155.0,181,82,52.0,18.31,0,0,0
68,1,392.0,154,76,87.0,32.46,0,0,1
58,1,258.0,188,60,83.0,26.03,0,0,1
34,1,184.0,193,74,93.0,31.45,0,0,0
60,1,188.0,161,91,79.0,33.31,0,0,1
38,1,299.0,148,119,66.0,25.53,0,1,1
55,1,318.0,141,68,108.0,20.38,0,0,1
72,0,267.0,136,74,59.0,19.53,1,1,1
39,0,154.0,96,87,67.0,30.96,0,0,0
32,1,319.0,100,83,94.0,29.45,1,0,0
38,1,236.0,192,119,108.0,34.33,0,0,1
47,1,358.0,150,120,111.0,29.21,0,0,1
64,1,225.0,157,94,108.0,27.29,1,0,1
45,0,364.0,114,81,98.0,26.76,0,0,1
40,0,357.0,101,86,112.0,18.58,0,0,0
69,1,344.0,115,78,81.0,25.38,0,0,1
42,0,307.0,191,104,59.0,39.47,0,1,1
71,0,206.0,199,71,60.0,37.22,1,0,1
77,1,,101,79,119.0,25.25,1,0,1
48,0,,132,60,111.0,30.93,0,0,1
50,1,350.0,140,80,96.0,36.64,0,0,1
49,0,178.0,126,108,83.0,27.71,0,0,0
69,1,388.0,135,104,66.0,18.4,0,0,1
65,0,314.0,142,60,103.0,19.64,0,0,1
53,1,236.0,177,69,89.0,29.23,0,0,1
39,0,290.0,169,106,68.0,39.33,0,0,1
69,0,309.0,102,118,116.0,33.25,0,0,1
25,0,195.0,178,118,102.0,19.56,0,1,0
49,1,265.0,143,91,113.0,22.17,0,0,0
31,1,388.0,146,98,96.0,34.97,0,0,1
33,0,261.0,93,119,,36.51,1,0,0
48,1,300.0,164,81,65.0,31.59,1,0,1
25,1,194.0,185,77,,32.18,0,0,0
68,1,294.0,138,107,101.0,18.62,0,0,1
32,0,396.0,96,105,97.0,36.23,1,0,1
48,1,253.0,199,91,92.0,35.34,1,1,2
35,0,234.0,100,86,,23.7,1,0,0
75,0,343.0,181,87,98.0,33.59,0,0,1
41,1,378.0,143,77,61.0,22.73,1,0,1
32,0,283.0,194,118,59.0,18.89,0,1,1
59,1,257.0,176,98,120.0,22.43,1,0,1
59,1,167.0,134,108,104.0,21.93,1,0,1
57,1,243.0,112,88,50.0,25.43,0,1,1
29,1,299.0,117,77,,27.21,1,0,0
66,0,395.0,196,103,85.0,29.19,0,0,1
63,0,182.0,200,67,70.0,28.49,1,0,1
65,1,307.0,146,113,86.0,,0,0,1
52,0,358.0,115,90,73.0,18.64,1,0,1
31,0,275.0,114,93,104.0,31.31,0,0,0
33,0,384.0,143,66,74.0,26.71,1,0,1
32,0,309.0,118,95,56.0,24.57,0,0,0
36,0,319.0,172,77,120.0,37.07,0,0,1
58,0,392.0,186,119,120.0,34.43,0,0,1
57,1,355.0,125,97,73.0,36.87,1,0,1
72,1,271.0,103,118,60.0,28.89,0,1,1
79,1,287.0,167,68,,20.88,0,0,1
47,0,388.0,124,118,84.0,33.32,0,1,1
48,0,264.0,119,68,112.0,22.53,1,0,1
61,0,313.0,181,105,117.0,27.71,0,0,1
59,1,311.0,106,67,106.0,19.43,0,0,0
68,1,350.0,156,110,62.0,36.16,0,0,1
64,0,383.0,169,94,72.0,20.77,0,0,1
46,1,177.0,199,77,88.0,37.87,0,0,1
51,0,160.0,119,64,61.0,37.01,0,1,1
59,1,355.0,182,73,83.0,28.22,1,0,1
25,1,316.0,134,87,120.0,34.38,1,0,1
59,1,396.0,168,89,80.0,31.63,0,1,2
61,1,196.0,199,63,111.0,35.67,0,0,1
71,1,395.0,178,98,62.0,27.5,0,1,2
38,0,276.0,140,79,80.0,35.29,0,0,0
27,1,296.0,191,84,51.0,28.17,1,0,1
25,0,267.0,195,87,64.0,38.7,0,0,1
29,1,,136,71,106.0,28.7,0,0,0
50,1,275.0,142,61,83.0,28.18,0,0,1
79,1,305.0,153,102,117.0,35.27,1,0,2
38,1,301.0,127,73,78.0,36.07,0,0,0
63,1,221.0,153,81,115.0,,0,0,1
51,1,,176,90,65.0,21.96,0,0,1
33,1,286.0,178,82,88.0,28.29,1,0,1
39,0,324.0,195,107,86.0,39.3,1,0,1
39,0,182.0,96,79,70.0,34.57,0,0,0
50,0,339.0,111,120,93.0,35.85,0,0,1
66,0,374.0,170,97,68.0,18.72,1,0,1
37,1,168.0,171,114,120.0,28.29,0,0,0
75,0,344.0,130,63,57.0,32.23,0,0,1
56,1,223.0,163,74,115.0,36.26,0,0,1
63,0,317.0,99,83,90.0,,0,0,0
73,0,324.0,146,84,119.0,36.75,0,0,1
76,1,383.0,96,60,110.0,30.06,1,0,1
56,1,342.0,139,66,,22.34,0,0,1
28,1,306.0,191,116,120.0,24.98,0,0,1
54,1,327.0,180,90,119.0,24.2,1,0,1
61,1,247.0,141,71,78.0,29.68,0,0,1
47,0,392.0,122,101,115.0,19.14,0,0,1
63,1,290.0,90,64,68.0,21.49,0,0,0
69,1,395.0,197,103,117.0,,1,0,2
39,1,278.0,142,109,107.0,20.92,1,0,1
67,0,311.0,149,101,119.0,23.13,1,0,1
53,1,242.0,123,97,106.0,27.97,1,0,1
60,0,325.0,93,119,86.0,,0,0,1
37,0,,106,71,110.0,34.8,0,0,1
56,0,354.0,93,98,79.0,,1,0,1
31,1,197.0,132,77,120.0,35.38,0,0,0
75,1,326.0,179,61,74.0,31.6,0,0,1
46,1,394.0,93,69,114.0,20.49,0,0,0
52,1,213.0,90,74,55.0,21.44,0,0,0
26,0,210.0,160,89,,27.61,1,0,0
66,0,306.0,183,103,59.0,26.73,0,0,1
69,0,188.0,139,117,60.0,34.36,0,0,1
77,1,277.0,162,76,,30.78,1,1,2
30,0,237.0,150,63,114.0,26.54,0,0,0
52,1,175.0,124,66,101.0,21.76,0,0,0
52,1,166.0,97,100,116.0,22.99,0,0,0
68,0,220.0,113,90,80.0,,1,0,1
68,1,162.0,172,110,66.0,27.32,1,1,1
44,1,218.0,125,119,104.0,29.33,1,0,1
54,1,175.0,139,118,85.0,21.75,1,0,1
35,1,198.0,132,114,75.0,32.58,0,0,0
79,0,344.0,116,98,102.0,,1,0,1
52,0,156.0,121,114,66.0,23.67,1,0,0
49,1,207.0,167,93,74.0,28.81,0,0,1
63,1,198.0,107,65,51.0,39.46,0,0,0
57,0,252.0,117,109,54.0,25.33,1,0,1
25,1,202.0,118,97,53.0,31.09,1,1,1
51,1,,105,104,85.0,19.98,1,0,1
76,1,390.0,188,117,55.0,31.33,1,0,2
37,0,211.0,136,110,70.0,19.97,0,1,0
65,1,,148,93,75.0,39.1,0,0,1
27,1,320.0,120,103,104.0,33.74,0,0,0
63,0,174.0,93,74,88.0,35.34,0,0,0
30,0,400.0,126,73,82.0,33.49,1,0,1
32,1,280.0,106,65,63.0,30.97,0,0,0
51,0,356.0,128,109,105.0,27.9,0,0,1
33,1,178.0,137,96,70.0,36.88,0,0,0
61,1,266.0,135,109,95.0,39.05,0,0,1
57,0,384.0,179,91,65.0,28.98,0,0,1
75,1,309.0,137,62,65.0,38.49,0,0,1
66,0,175.0,128,62,78.0,30.83,0,0,0
68,1,273.0,194,81,57.0,29.84,0,0,1
48,0,293.0,93,81,52.0,28.0,1,1,1
39,1,174.0,119,69,68.0,22.6,0,0,0
78,0,203.0,119,110,115.0,18.08,0,0,1
56,0,305.0,111,62,,23.31,0,0,0
56,1,222.0,164,120,95.0,29.21,0,1,1
48,0,269.0,155,71,,26.36,0,1,1
65,1,205.0,197,88,82.0,27.87,1,0,1
76,0,214.0,101,107,54.0,39.57,1,0,1
73,1,242.0,183,76,76.0,25.71,0,0,1
73,0,398.0,125,66,73.0,27.95,0,1,1
76,1,235.0,107,72,116.0,20.94,1,0,1
36,1,229.0,179,115,112.0,19.06,1,0,1
63,0,318.0,142,61,97.0,35.06,0,0,1
26,0,392.0,160,63,112.0,30.56,0,0,1
27,0,,90,69,61.0,34.74,0,0,0
73,1,,147,98,77.0,,0,0,1
61,0,,179,83,93.0,30.58,0,1,1
73,1,382.0,176,76,92.0,23.58,0,0,1
80,0,348.0,179,111,,23.02,0,0,1
41,0,355.0,198,65,89.0,18.25,0,0,1
73,1,306.0,95,78,98.0,20.87,1,0,1
26,1,232.0,159,64,106.0,24.8,1,0,0
26,0,296.0,133,91,113.0,20.57,0,0,0
52,0,343.0,161,69,106.0,39.69,1,0,1
78,0,318.0,113,68,119.0,24.79,0,0,1
47,1,322.0,175,86,92.0,20.87,1,0,1
61,1,164.0,108,72,72.0,22.38,0,1,0
56,1,280.0,190,78,76.0,30.93,0,0,1
57,1,288.0,107,80,107.0,19.41,0,0,0
25,1,,184,83,86.0,36.97,0,0,1
43,1,323.0,190,97,55.0,39.15,1,0,1
26,1,179.0,119,63,114.0,23.43,0,1,0
77,0,206.0,131,83,55.0,27.9,0,0,1
68,0,381.0,122,118,99.0,18.49,0,0,1
50,0,295.0,163,94,71.0,32.1,0,0,1
56,0,328.0,190,62,74.0,,0,0,1
30,1,277.0,101,63,100.0,23.94,0,0,0
56,1,197.0,183,116,97.0,22.55,1,0,1
79,0,343.0,116,96,119.0,32.39,1,1,2
28,0,373.0,128,99,114.0,,1,0,1
79,1,285.0,98,107,109.0,21.95,0,0,1
35,1,171.0,110,113,95.0,33.16,1,0,0
80,0,155.0,165,94,85.0,30.43,0,0,1
41,1,353.0,118,90,107.0,36.89,0,1,1
62,0,388.0,122,115,87.0,20.58,0,0,1
48,0,334.0,196,103,60.0,35.28,1,0,1
29,1,253.0,151,84,61.0,32.82,1,0,1
76,1,185.0,104,99,91.0,20.53,1,0,1
58,0,228.0,91,72,88.0,33.29,1,0,1
30,1,369.0,141,63,120.0,27.71,1,0,1
46,1,265.0,192,105,60.0,38.79,1,0,1
35,1,206.0,133,73,85.0,21.12,0,0,0
72,1,198.0,143,72,,32.14,0,0,1
40,1,322.0,107,86,80.0,26.4,0,0,0
57,1,231.0,92,65,82.0,39.05,0,0,0
33,1,215.0,96,76,62.0,25.26,0,0,0
30,0,226.0,132,95,67.0,39.17,0,0,0
40,0,194.0,171,99,90.0,37.83,0,0,0
53,0,395.0,197,108,107.0,23.95,1,1,2
27,1,,127,94,105.0,35.68,1,0,0
44,0,169.0,126,76,73.0,39.9,0,0,0
60,1,341.0,147,100,80.0,23.56,0,0,1
43,1,370.0,122,61,104.0,,0,0,1
50,0,272.0,197,116,59.0,29.44,0,0,1
27,1,383.0,148,72,109.0,24.49,1,0,1
43,0,370.0,184,111,51.0,18.34,0,0,1
44,1,,100,61,64.0,22.84,0,0,0
56,0,232.0,157,111,52.0,24.2,1,0,1
31,1,152.0,171,87,92.0,27.76,1,0,0
76,1,331.0,157,102,80.0,21.76,0,0,1
65,1,355.0,187,118,119.0,,1,0,2
57,1,213.0,182,85,116.0,33.51,0,0,1
64,1,189.0,177,81,105.0,19.87,0,0,1
63,1,,111,106,112.0,32.3,0,0,0
42,1,332.0,155,102,64.0,32.38,0,0,1
64,1,211.0,133,114,59.0,39.04,0,0,1
25,0,281.0,95,62,87.0,18.07,0,0,0
35,1,400.0,131,94,96.0,23.45,0,0,1
52,1,209.0,114,119,106.0,38.41,1,0,1
49,1,265.0,146,117,99.0,38.51,0,0,1
74,0,224.0,174,71,120.0,33.85,0,0,1
47,1,271.0,144,83,64.0,34.85,1,0,1
55,0,372.0,105,64,67.0,20.01,0,0,1
54,1,256.0,184,79,51.0,29.31,1,0,1
66,0,245.0,103,98,92.0,23.09,0,0,0
59,1,240.0,128,98,75.0,21.99,0,0,0
31,1,307.0,117,72,120.0,35.83,0,0,0
40,0,384.0,185,100,87.0,20.97,0,0,1
50,1,279.0,181,116,91.0,28.31,0,0,1
72,0,211.0,140,112,54.0,38.65,0,0,1
76,1,198.0,138,104,60.0,22.09,0,0,1
73,1,286.0,98,71,114.0,39.52,0,1,1
26,1,,147,72,83.0,39.87,0,0,0
25,1,308.0,134,115,,30.22,0,0,0
72,1,273.0,111,69,51.0,21.74,0,0,1
36,0,375.0,121,92,69.0,24.95,0,0,0
29,0,210.0,158,116,110.0,27.34,0,0,0
61,1,397.0,176,99,70.0,24.81,0,0,1
56,1,356.0,158,113,117.0,24.17,1,0,1
79,1,197.0,131,75,61.0,39.39,0,0,1
33,1,302.0,142,104,71.0,21.37,1,0,1
65,0,313.0,185,94,69.0,34.13,0,1,2
59,1,285.0,148,62,50.0,18.01,0,0,1
43,0,350.0,163,115,79.0,31.12,0,1,1
72,1,399.0,128,64,73.0,38.15,1,0,2
40,0,207.0,104,85,63.0,24.33,0,0,0
27,0,250.0,160,70,85.0,22.08,0,0,0
44,0,261.0,118,66,118.0,32.34,0,1,1
48,0,322.0,200,112,73.0,33.68,0,0,1
78,1,211.0,92,115,109.0,33.14,0,0,1
80,0,188.0,172,69,104.0,25.02,0,0,1
57,0,373.0,99,101,73.0,23.55,0,0,1
48,0,207.0,181,111,73.0,39.03,0,0,1
76,0,393.0,118,93,103.0,38.31,0,1,2
35,0,358.0,168,62,75.0,28.06,1,0,1
73,0,248.0,124,67,115.0,36.62,1,0,1
32,1,378.0,95,90,87.0,27.95,0,0,0
60,1,360.0,101,70,114.0,27.34,0,0,1
62,1,341.0,200,104,100.0,21.45,1,0,2
64,1,193.0,127,66,84.0,27.38,0,0,0
44,0,178.0,166,104,92.0,29.82,0,0,0
59,1,208.0,182,61,,18.5,1,0,1
72,1,220.0,108,65,86.0,27.77,0,0,1
49,1,241.0,156,100,107.0,35.19,0,0,1
59,0,158.0,97,91,103.0,32.96,1,0,0
49,0,276.0,97,79,88.0,31.97,0,0,0
53,0,369.0,173,116,91.0,38.01,1,0,1
42,0,283.0,136,93,77.0,18.4,1,0,1
70,1,306.0,93,109,78.0,30.26,1,0,1
42,1,335.0,140,75,92.0,35.32,0,0,1
26,1,294.0,174,84,52.0,29.91,0,0,0
78,1,293.0,156,71,59.0,25.13,0,0,1
59,1,364.0,134,66,108.0,21.0,0,0,1
40,1,372.0,97,98,,37.53,0,0,0
65,1,280.0,176,76,96.0,28.36,0,0,1
60,0,170.0,105,104,,37.32,0,0,0
57,0,213.0,166,70,81.0,30.89,0,0,1
28,0,239.0,156,65,81.0,32.83,0,0,0
57,1,185.0,98,120,91.0,35.69,1,1,1
38,1,383.0,149,82,81.0,32.5,1,0,1
45,0,378.0,167,86,75.0,26.76,1,0,1
72,1,394.0,166,105,50.0,29.3,0,0,1
44,0,363.0,160,65,105.0,35.67,1,0,1
80,1,211.0,104,97,51.0,26.22,1,0,1
32,0,319.0,160,61,79.0,26.54,0,0,0
31,0,225.0,191,81,120.0,20.11,0,0,0
27,1,319.0,187,79,101.0,38.12,0,0,1
41,0,338.0,130,84,58.0,20.0,0,0,0
57,0,162.0,111,74,71.0,32.26,0,0,0
72,0,160.0,113,119,,27.09,0,0,0
36,1,203.0,190,108,98.0,26.92,1,0,1
75,1,,133,88,50.0,32.95,0,0,1
46,0,157.0,90,67,102.0,19.48,0,0,0
79,1,253.0,99,96,89.0,31.06,1,0,1
46,1,208.0,196,108,94.0,34.98,0,0,1
70,0,206.0,169,111,117.0,36.22,1,0,1
54,0,189.0,199,92,58.0,21.75,0,0,1
62,0,386.0,161,81,71.0,37.74,1,0,2
62,0,336.0,145,109,,32.44,0,0,1
69,1,279.0,178,106,92.0,37.4,0,1,2
75,0,243.0,139,64,88.0,28.68,0,0,1
78,1,371.0,101,98,55.0,29.92,1,0,1
32,1,353.0,178,77,97.0,38.22,1,0,1
51,0,287.0,170,97,56.0,37.8,0,0,1
51,1,193.0,149,113,118.0,27.86,1,0,1
58,0,,115,112,65.0,24.04,0,0,0
45,1,356.0,199,96,50.0,,0,1,1
54,1,,167,89,86.0,26.53,1,0,1
57,1,230.0,130,110,86.0,24.31,0,0,0
52,1,367.0,125,90,113.0,23.91,0,0,1
71,0,151.0,112,69,111.0,36.94,1,0,1
57,1,327.0,132,74,110.0,19.54,1,0,1
29,1,289.0,95,101,82.0,32.91,1,0,0
72,1,264.0,200,118,115.0,21.8,1,0,1
43,1,239.0,158,107,79.0,25.58,0,0,0
28,1,172.0,132,103,69.0,19.35,1,0,0
59,0,295.0,114,77,109.0,23.94,0,0,1
73,0,211.0,107,82,73.0,34.91,1,1,1
41,1,373.0,151,92,53.0,37.47,0,0,1
68,0,262.0,102,75,86.0,,0,0,0
52,1,277.0,132,113,53.0,28.2,0,0,1
54,1,211.0,167,97,67.0,28.35,0,0,1
53,0,187.0,117,94,115.0,37.22,0,0,0
70,0,398.0,107,93,97.0,,1,0,1
77,1,388.0,148,87,82.0,29.29,1,1,2
30,0,344.0,149,61,107.0,32.76,0,0,1
59,1,315.0,152,89,77.0,36.64,1,0,1
65,0,344.0,146,72,84.0,18.21,0,0,1
61,1,,181,100,59.0,26.86,0,0,1
48,0,210.0,140,75,114.0,37.96,0,0,0
53,1,278.0,145,118,91.0,34.29,1,0,1
73,1,371.0,116,64,58.0,29.94,1,0,1
70,1,322.0,121,114,109.0,29.65,0,0,1
77,0,373.0,200,87,64.0,25.65,0,0,2
55,1,305.0,98,112,,29.45,0,0,0
59,1,298.0,193,98,118.0,32.42,0,0,1
57,0,271.0,185,104,71.0,27.2,0,0,1
76,0,259.0,173,79,113.0,33.71,0,0,1
45,0,,181,83,90.0,36.95,0,0,1
56,1,304.0,186,120,120.0,21.4,1,0,1
47,1,249.0,157,86,,27.93,0,0,1
57,1,284.0,135,89,72.0,26.98,0,0,1
27,0,171.0,187,117,74.0,33.12,0,0,0
42,0,223.0,156,104,55.0,23.5,1,0,1
49,1,380.0,115,86,83.0,32.09,1,0,1
66,1,330.0,97,85,112.0,37.3,1,0,1
55,1,356.0,95,66,,27.2,0,0,1
78,0,356.0,169,101,109.0,38.04,1,0,2
27,1,281.0,113,106,98.0,39.85,0,0,0
64,0,373.0,137,112,100.0,20.33,0,0,1
70,0,,192,118,109.0,23.13,0,1,1
48,1,268.0,183,97,119.0,38.91,0,0,1
74,1,219.0,134,64,86.0,39.08,1,0,1
56,1,365.0,102,82,80.0,20.15,1,0,1
71,0,233.0,158,87,90.0,18.33,0,0,1
46,0,399.0,114,93,111.0,21.54,0,0,1
47,1,250.0,109,112,107.0,39.91,0,0,0
26,1,233.0,171,74,63.0,21.96,0,0,0
51,0,353.0,200,91,85.0,29.06,0,1,1
66,0,310.0,171,85,85.0,36.67,1,0,1
26,0,177.0,155,107,57.0,18.45,1,0,0
50,1,285.0,163,90,75.0,31.3,0,0,1
41,0,150.0,134,78,85.0,24.09,1,0,0
64,0,314.0,136,68,97.0,36.97,0,1,1
57,0,212.0,152,88,77.0,24.24,0,0,0
33,0,171.0,165,113,,33.11,0,0,0
67,0,219.0,200,120,111.0,32.83,0,0,1
78,1,274.0,166,117,100.0,22.87,1,0,1
72,0,298.0,200,110,,18.77,0,0,1
63,1,245.0,144,98,78.0,27.0,0,0,1
53,0,312.0,164,63,59.0,24.36,0,0,1
66,1,228.0,108,62,88.0,35.8,1,0,1
79,1,,124,115,50.0,35.61,0,0,1
50,1,209.0,192,88,88.0,28.05,1,0,1
59,1,269.0,142,111,70.0,31.34,1,0,1
74,0,195.0,115,70,114.0,31.29,0,0,1
49,0,327.0,199,92,64.0,36.2,0,0,1
48,1,325.0,103,97,53.0,27.35,1,0,1
37,1,,134,117,109.0,24.06,0,0,0
31,1,366.0,133,70,110.0,23.83,1,1,1
60,1,205.0,177,86,69.0,29.8,0,0,1
69,1,259.0,194,92,59.0,27.88,0,0,1
44,1,336.0,154,80,83.0,27.68,1,0,1
25,0,397.0,140,98,97.0,20.01,1,0,1
32,1,381.0,132,90,82.0,33.81,1,0,1
70,1,306.0,175,97,110.0,22.7,0,1,1
40,0,348.0,112,105,59.0,22.33,1,0,1
38,1,253.0,145,61,103.0,27.08,1,0,1
36,0,226.0,108,86,114.0,23.01,1,0,0
75,1,379.0,171,95,50.0,,0,0,1
47,0,295.0,165,70,54.0,26.17,0,0,1
39,1,151.0,144,106,64.0,27.88,1,0,0
52,1,157.0,181,77,77.0,29.82,0,0,1
58,0,224.0,181,118,72.0,22.48,0,0,1
26,1,374.0,149,60,66.0,21.43,0,0,0
56,1,331.0,148,94,62.0,37.37,0,0,1
47,1,274.0,122,94,63.0,27.54,0,0,0
46,0,187.0,108,90,60.0,27.07,0,0,0
75,0,325.0,117,87,77.0,18.78,1,0,1
49,0,176.0,141,98,91.0,28.96,0,0,0
46,1,169.0,138,60,110.0,30.19,0,0,0
46,1,289.0,126,84,113.0,30.29,0,0,0
73,1,192.0,115,102,80.0,33.55,0,0,1
76,1,338.0,188,97,59.0,21.9,0,0,1
66,1,180.0,187,79,57.0,23.55,1,0,1
30,1,240.0,188,62,70.0,35.84,0,0,1
39,0,373.0,129,110,108.0,38.84,1,0,1
78,1,210.0,169,61,99.0,20.99,0,0,1
67,0,351.0,127,77,118.0,28.95,0,0,1
61,1,344.0,166,103,119.0,22.71,0,0,1
57,1,258.0,176,120,79.0,19.32,0,0,1
32,1,240.0,143,69,66.0,25.16,1,0,0
77,0,312.0,111,64,69.0,21.16,1,0,1
68,0,244.0,105,68,97.0,,0,0,1
68,0,292.0,117,61,51.0,29.74,0,0,1
29,0,293.0,124,93,86.0,21.16,0,0,0
63,0,,149,119,50.0,,0,0,0
28,1,262.0,134,97,53.0,35.78,1,0,1
30,1,184.0,135,120,103.0,21.88,0,0,0
69,0,393.0,161,90,74.0,,1,0,2
56,0,352.0,197,69,,25.41,0,0,1
76,0,,144,109,58.0,30.88,0,1,1
54,1,,175,71,83.0,24.94,0,0,1
71,1,392.0,174,95,92.0,19.91,0,0,1
59,1,331.0,115,113,71.0,22.9,1,0,1
79,1,352.0,193,80,119.0,22.14,0,0,1
64,1,,174,108,51.0,27.42,1,0,1
76,1,197.0,114,106,115.0,32.48,0,0,1
40,0,394.0,194,65,81.0,23.8,1,0,1
37,1,184.0,154,107,65.0,18.27,0,0,0
74,0,235.0,95,108,50.0,29.42,1,0,1
66,1,315.0,112,62,97.0,31.33,1,0,1
54,0,308.0,153,69,99.0,39.18,1,0,1
43,1,355.0,176,64,62.0,30.97,0,0,1
41,1,301.0,132,105,64.0,28.37,1,1,1
80,1,263.0,196,85,102.0,30.61,0,0,1
43,1,326.0,112,120,93.0,38.41,0,0,1
52,0,373.0,185,80,57.0,36.22,0,0,1
79,0,,119,104,95.0,25.11,0,0,1
50,0,309.0,166,85,118.0,,1,0,1
61,0,332.0,196,97,68.0,23.78,0,0,1
50,1,356.0,107,103,87.0,29.1,0,0,1
77,0,,176,85,60.0,34.37,0,0,2
47,1,335.0,168,67,92.0,29.07,0,0,1
33,1,248.0,186,64,69.0,19.49,0,0,0
36,1,,110,74,69.0,33.92,0,0,0
77,0,357.0,146,118,70.0,35.73,0,0,1
25,1,346.0,192,75,106.0,24.37,0,0,1
25,1,234.0,112,60,99.0,32.61,1,0,0
71,1,274.0,180,75,75.0,27.39,1,0,1
58,1,287.0,134,96,79.0,37.56,1,0,1
56,1,232.0,133,62,80.0,36.59,0,0,1
78,0,174.0,171,111,91.0,29.56,0,0,1
72,1,217.0,177,106,,33.21,0,0,1
49,0,210.0,136,90,110.0,37.43,0,0,0
64,0,178.0,129,72,110.0,28.91,0,0,0
69,0,276.0,140,115,,24.89,0,0,1
77,0,168.0,131,75,117.0,34.58,0,0,1
25,0,320.0,96,114,66.0,22.84,0,1,0
40,0,343.0,139,102,68.0,26.55,1,1,1
63,1,223.0,137,80,,37.05,0,0,1
29,1,210.0,173,61,119.0,33.94,0,1,1
46,1,320.0,180,113,112.0,26.88,0,0,1
53,0,302.0,95,86,79.0,22.72,0,0,0
79,0,169.0,180,97,74.0,25.83,0,0,1
27,1,197.0,98,85,,24.25,0,0,0
36,0,360.0,198,117,75.0,21.87,0,0,1
50,0,236.0,146,118,105.0,34.35,1,0,1
40,1,301.0,120,97,71.0,23.55,1,0,1
75,0,288.0,110,105,68.0,27.99,0,0,1
61,1,259.0,179,84,80.0,26.49,0,0,1
46,1,375.0,129,70,75.0,39.61,0,0,1
53,0,332.0,134,67,91.0,26.6,1,0,1
38,0,177.0,166,67,90.0,19.76,0,0,0
52,1,346.0,138,92,72.0,19.98,0,1,1
29,1,340.0,176,112,96.0,31.0,0,0,1
71,0,208.0,109,66,62.0,31.19,0,0,1
73,1,282.0,190,97,115.0,27.21,1,0,2
54,0,,181,80,115.0,27.5,0,0,1
70,1,298.0,106,67,65.0,19.19,0,0,1
76,1,161.0,117,110,77.0,29.36,0,0,0
29,0,199.0,130,113,84.0,29.1,0,0,0
36,0,,155,80,90.0,21.29,1,0,1
40,0,395.0,114,115,80.0,20.28,1,0,1
50,0,,147,79,81.0,20.72,0,0,0
50,0,319.0,130,67,103.0,20.22,0,0,0
72,1,361.0,95,117,,31.41,0,0,1
45,0,315.0,164,105,90.0,22.32,0,0,1
63,1,302.0,127,90,115.0,23.53,0,0,1
60,1,,95,109,103.0,21.82,0,0,0
57,1,352.0,134,116,89.0,39.07,0,0,1
54,1,181.0,164,88,77.0,36.8,0,0,1
61,0,288.0,103,107,86.0,23.07,0,0,0
47,1,338.0,155,68,114.0,25.21,1,0,1
34,1,295.0,129,74,104.0,22.62,0,0,0
78,0,304.0,92,89,53.0,28.82,1,0,1
29,0,204.0,188,85,59.0,18.43,0,0,0
60,1,331.0,186,69,96.0,32.77,0,0,1
58,0,359.0,113,88,63.0,29.51,1,0,1
76,0,269.0,108,113,,37.77,0,0,1
55,0,364.0,107,75,61.0,21.62,1,0,1
34,0,224.0,153,95,94.0,35.69,0,0,0
43,1,170.0,177,79,66.0,,0,0,0
56,1,321.0,198,104,84.0,20.8,0,1,1
25,1,282.0,124,113,115.0,26.77,0,0,0
80,0,,151,96,90.0,21.74,0,0,1
29,0,318.0,90,81,116.0,23.6,0,0,0
69,1,208.0,189,66,78.0,23.79,0,0,1
28,0,238.0,114,82,67.0,30.24,0,0,0
40,0,382.0,134,100,69.0,,0,0,1
48,1,331.0,138,99,63.0,38.85,0,0,1
40,0,351.0,196,88,83.0,20.78,0,0,1
79,1,299.0,187,75,98.0,39.42,0,0,1
26,0,,178,97,103.0,23.07,1,1,1
73,0,214.0,105,87,80.0,35.0,1,0,1
52,0,,187,107,107.0,25.46,0,0,1
56,1,220.0,182,97,,21.15,1,0,1
51,1,153.0,108,90,107.0,36.87,0,0,0
44,1,342.0,112,73,79.0,24.79,1,0,1
48,1,292.0,172,112,74.0,32.49,1,0,1
36,0,253.0,114,92,112.0,30.46,1,0,0
74,1,353.0,105,116,68.0,28.38,0,0,1
59,1,299.0,143,68,57.0,28.91,0,0,1
57,1,363.0,162,116,52.0,34.11,0,1,1
57,0,391.0,90,86,116.0,19.93,1,0,1
75,1,324.0,131,83,66.0,32.7,0,0,1
67,0,,108,72,63.0,37.71,1,0,1
61,0,242.0,186,85,58.0,19.27,0,0,1
36,1,323.0,123,88,111.0,21.09,1,0,1
27,1,291.0,169,110,70.0,33.77,0,1,1
25,0,327.0,197,108,86.0,27.62,0,0,1
57,0,297.0,193,102,60.0,26.88,0,1,1
64,1,327.0,144,87,69.0,21.01,0,0,1
34,1,261.0,107,87,84.0,29.15,0,0,0
67,1,310.0,123,67,102.0,20.78,1,0,1
68,1,268.0,178,82,96.0,28.49,0,0,1
53,1,208.0,134,88,101.0,34.8,0,0,0
37,0,192.0,95,64,57.0,23.68,1,0,0
36,1,356.0,110,101,53.0,28.58,0,0,0
55,0,161.0,159,66,76.0,39.82,1,0,1
70,0,189.0,185,101,93.0,33.11,1,0,1
26,1,267.0,194,95,89.0,36.51,0,0,1
75,0,169.0,137,100,96.0,27.13,0,0,1
74,1,371.0,196,86,93.0,34.89,0,0,2
59,1,315.0,128,117,97.0,18.89,1,0,1
47,1,280.0,120,105,101.0,20.7,0,0,0
41,1,305.0,195,61,117.0,22.47,0,0,1
50,1,333.0,99,84,60.0,26.84,1,0,1
32,1,239.0,119,68,53.0,36.61,0,0,0
53,1,243.0,107,112,97.0,,1,0,1
50,0,162.0,149,86,75.0,32.4,1,0,1
34,1,354.0,177,60,,33.6,0,0,1
50,0,215.0,162,82,107.0,30.9,1,0,1
58,1,186.0,184,69,68.0,25.86,1,1,1
75,1,326.0,104,101,107.0,30.7,0,0,1
65,1,379.0,93,111,77.0,25.53,0,0,1
31,0,215.0,152,84,115.0,19.85,0,0,0
28,0,185.0,129,113,59.0,39.84,0,0,0
77,1,331.0,98,120,107.0,20.8,1,0,1
74,0,175.0,198,62,63.0,19.59,0,0,1
69,0,224.0,98,65,64.0,37.33,0,1,1
35,0,349.0,115,120,82.0,24.64,0,0,0
53,1,257.0,93,117,66.0,32.31,0,0,0
80,1,317.0,170,65,73.0,25.24,1,0,2
60,0,192.0,105,112,79.0,26.61,1,0,1
49,0,299.0,104,61,111.0,23.77,0,0,0
45,0,297.0,188,117,62.0,25.55,0,0,1
60,1,157.0,141,117,111.0,27.04,0,0,0
34,1,178.0,158,77,96.0,33.85,0,0,0
61,0,189.0,94,82,65.0,29.25,0,0,0
33,0,367.0,109,61,115.0,38.76,0,0,0
48,0,307.0,168,71,92.0,18.92,1,0,1
59,1,358.0,107,81,57.0,29.07,0,1,1
73,1,277.0,200,96,52.0,30.85,1,0,2
59,0,233.0,91,79,61.0,38.24,0,0,0
72,0,265.0,182,98,65.0,19.08,0,0,1
60,0,332.0,102,83,108.0,30.62,1,0,1
42,1,293.0,93,107,98.0,36.78,0,0,0
73,0,,131,79,112.0,23.32,1,0,1
63,1,211.0,198,60,111.0,37.28,0,0,1
56,1,384.0,163,60,98.0,18.42,0,0,1
48,0,,150,76,100.0,,1,0,1
47,0,357.0,184,118,82.0,38.53,0,1,1
56,0,194.0,194,60,79.0,32.46,1,0,1
61,1,336.0,97,112,108.0,27.66,1,0,1
36,1,388.0,156,111,64.0,18.99,0,0,1
73,1,333.0,152,104,72.0,38.24,0,0,1
79,1,325.0,199,89,94.0,28.35,0,0,1
37,0,304.0,98,100,,18.64,0,0,0
47,1,330.0,183,106,120.0,33.18,1,0,1
49,1,364.0,100,62,64.0,28.6,0,0,1
59,0,237.0,188,105,95.0,20.74,0,0,1
65,1,222.0,190,114,113.0,22.71,1,0,1
54,1,312.0,131,70,95.0,19.42,0,0,1
41,1,328.0,102,83,,30.63,1,0,1
73,1,361.0,125,81,93.0,31.68,0,0,1
44,1,186.0,102,103,78.0,29.13,1,0,0
72,1,383.0,101,104,111.0,35.98,0,1,1
49,0,358.0,126,85,101.0,36.94,0,0,1
46,0,,163,72,103.0,31.54,0,0,1
37,1,372.0,162,60,106.0,18.28,0,0,1
43,0,268.0,141,83,115.0,33.3,1,0,1
73,0,206.0,160,69,71.0,27.2,0,0,1
60,0,157.0,91,94,69.0,30.44,1,0,0
36,0,356.0,145,83,82.0,32.28,0,0,1
65,1,244.0,149,87,74.0,,0,0,1
43,1,266.0,112,95,95.0,38.18,0,0,0
36,0,371.0,192,75,106.0,20.95,0,0,1
33,0,259.0,129,99,54.0,32.77,0,0,0
31,0,169.0,153,75,104.0,18.1,0,0,0
52,1,273.0,192,118,,38.34,1,1,2
38,1,380.0,174,76,,20.48,0,0,1
55,0,202.0,112,110,65.0,20.09,0,0,0
76,1,268.0,118,113,97.0,25.33,0,0,1
43,1,161.0,167,74,110.0,26.22,0,0,0
71,1,326.0,179,75,64.0,22.71,1,0,1
40,1,166.0,140,74,114.0,30.87,0,0,0
77,0,213.0,158,116,71.0,27.74,0,0,1
29,1,191.0,184,93,52.0,18.75,0,0,0
59,1,243.0,178,70,103.0,25.03,0,0,1
36,1,306.0,120,60,63.0,35.83,0,0,0
49,1,296.0,139,74,85.0,33.17,0,0,1
76,1,387.0,109,85,116.0,33.95,0,0,1
45,1,160.0,197,110,59.0,33.36,0,0,1
60,0,247.0,144,63,98.0,24.84,1,1,1
77,1,327.0,170,102,114.0,20.19,0,0,1
47,1,220.0,198,64,106.0,23.99,1,0,1
40,1,257.0,91,94,,36.3,0,0,0
63,0,207.0,114,72,54.0,39.57,1,0,1
69,0,183.0,102,69,120.0,28.86,0,1,1
77,0,400.0,192,70,106.0,18.21,0,0,1
66,1,169.0,181,77,,21.08,0,0,1
63,1,199.0,195,93,79.0,25.09,0,0,1
38,0,251.0,159,98,69.0,30.73,0,0,0
55,1,365.0,156,100,86.0,19.65,0,0,1
29,1,287.0,147,101,52.0,38.75,0,0,0
59,1,309.0,188,109,90.0,26.03,0,0,1
47,1,201.0,171,82,88.0,38.08,0,0,1
53,1,164.0,164,66,75.0,35.17,1,0,1
67,1,378.0,173,118,51.0,34.62,0,0,1
35,0,233.0,153,98,72.0,31.35,0,0,0
42,1,280.0,158,62,72.0,31.79,0,0,1
71,1,186.0,172,71,65.0,32.04,0,0,1
36,1,275.0,175,66,58.0,31.83,0,0,1
33,1,398.0,148,108,62.0,30.18,1,0,1
34,1,189.0,149,85,77.0,39.7,0,0,0
68,0,221.0,172,92,76.0,34.11,0,0,1
41,1,189.0,200,96,100.0,35.09,0,1,1
62,0,385.0,151,107,113.0,37.19,0,1,2
31,0,205.0,105,74,101.0,22.74,1,0,0
70,1,300.0,177,61,87.0,19.84,1,0,1
37,1,253.0,194,100,114.0,28.62,0,0,1
64,0,288.0,157,66,67.0,29.31,0,0,1
66,0,259.0,104,91,,36.24,0,0,1
33,1,341.0,178,63,100.0,27.76,0,0,1
74,0,285.0,197,79,58.0,30.56,0,0,1
51,1,242.0,144,109,62.0,29.6,1,0,1
26,1,243.0,124,112,89.0,18.84,0,0,0
29,1,205.0,144,95,104.0,31.53,0,0,0
53,0,209.0,103,91,92.0,,0,1,1
61,0,287.0,138,87,93.0,21.47,1,0,1
62,1,,172,72,117.0,31.08,0,0,1
43,1,177.0,191,60,82.0,31.06,1,0,1
32,0,198.0,189,119,73.0,21.61,0,0,0
72,1,313.0,96,115,85.0,20.72,0,0,1
69,0,274.0,119,94,,39.56,1,0,1
25,1,162.0,172,107,69.0,26.66,1,0,0
46,0,373.0,138,89,61.0,23.0,0,0,1
76,1,,178,113,111.0,21.77,0,0,1
41,0,250.0,105,95,67.0,32.69,1,0,1
31,0,175.0,200,116,112.0,31.41,0,0,0
49,0,235.0,193,114,74.0,32.16,0,0,1
69,0,153.0,140,84,61.0,19.94,1,0,1
28,1,372.0,161,75,70.0,,0,0,1
60,1,231.0,171,117,74.0,26.56,0,0,1
30,0,341.0,181,78,60.0,,0,0,1
55,0,315.0,169,60,113.0,28.17,0,0,1
43,1,276.0,172,64,99.0,26.58,0,0,1
68,1,,131,110,111.0,37.0,0,0,1
78,1,276.0,106,81,98.0,38.44,0,0,1
63,0,269.0,152,83,63.0,24.68,0,0,1
51,0,364.0,134,102,50.0,37.01,0,0,1
34,1,171.0,166,104,74.0,35.19,0,0,0
50,0,279.0,96,111,108.0,38.48,1,0,1
43,1,180.0,116,96,118.0,23.41,0,0,0
63,0,268.0,99,112,54.0,30.69,1,0,1
27,1,160.0,123,95,68.0,24.04,0,0,0
69,0,369.0,125,95,72.0,36.13,1,0,1
37,1,195.0,114,63,58.0,,0,0,0
74,1,,95,95,99.0,30.43,0,0,1
52,1,339.0,113,111,,25.46,1,0,1
44,0,346.0,107,112,82.0,25.1,1,0,1
52,1,341.0,176,77,51.0,32.19,0,1,1
32,1,379.0,95,109,63.0,36.73,1,0,1
65,1,159.0,118,75,50.0,31.4,0,0,0
63,1,317.0,114,100,107.0,36.77,1,1,1
25,1,277.0,144,77,65.0,23.82,0,0,0
27,1,387.0,170,81,96.0,29.43,0,0,1
37,0,301.0,135,61,93.0,27.91,0,0,0
52,1,,113,80,63.0,18.26,0,0,0
73,1,321.0,164,95,73.0,,1,0,2
49,0,261.0,115,103,,32.55,0,0,0
80,0,209.0,187,98,64.0,31.02,0,0,1
57,0,339.0,117,106,83.0,34.2,0,0,1
62,1,236.0,92,98,51.0,30.57,0,0,0
77,1,294.0,164,88,76.0,19.47,0,0,1
30,1,214.0,127,113,72.0,20.56,0,0,0
68,1,396.0,150,85,117.0,31.12,1,1,2
69,0,372.0,167,80,63.0,24.05,0,0,1
56,0,372.0,140,76,112.0,19.75,0,0,1
69,0,383.0,179,75,114.0,27.45,1,1,2
71,0,206.0,137,119,117.0,30.2,0,0,1
45,0,332.0,110,90,112.0,,1,0,1
40,0,255.0,143,110,113.0,33.85,1,0,1
78,1,330.0,145,68,81.0,32.16,0,0,1
45,1,333.0,192,90,62.0,25.32,0,0,1
35,1,375.0,183,73,115.0,34.61,0,0,1
61,1,158.0,148,108,68.0,32.27,0,0,0
60,1,171.0,161,96,73.0,32.02,1,0,1
59,0,290.0,140,61,60.0,30.18,0,1,1
43,1,238.0,109,111,108.0,18.25,0,0,0
44,1,325.0,185,107,64.0,33.32,0,1,1
42,0,167.0,175,105,59.0,26.27,0,1,1
71,0,264.0,148,73,90.0,38.74,0,0,1
65,1,353.0,160,118,76.0,36.0,1,0,2
73,0,317.0,98,92,109.0,30.93,0,0,1
38,1,294.0,198,94,101.0,23.55,0,1,1
39,1,292.0,90,117,77.0,22.48,0,0,0
55,0,255.0,118,98,114.0,25.49,1,0,1
25,0,164.0,152,117,66.0,28.48,0,0,0
77,0,356.0,161,106,93.0,24.51,1,0,2
78,0,212.0,145,110,59.0,29.33,0,1,1
78,0,396.0,157,79,112.0,21.64,1,0,2
27,1,316.0,124,61,96.0,39.51,0,0,0
40,0,162.0,92,110,87.0,20.37,0,0,0
47,1,230.0,198,100,119.0,38.5,0,0,1
35,0,181.0,193,78,,38.1,0,1,1
36,1,,96,118,93.0,29.56,0,0,0
34,0,189.0,116,96,103.0,33.95,0,1,0
56,0,297.0,90,77,69.0,27.59,0,0,0
40,1,367.0,180,75,80.0,31.86,0,0,1
32,1,368.0,169,63,56.0,25.49,1,0,1
62,0,362.0,191,71,107.0,24.63,0,1,2
36,1,231.0,160,88,59.0,30.72,1,1,1
48,1,226.0,133,66,59.0,28.96,0,0,0
52,1,357.0,176,73,88.0,30.75,0,0,1
77,0,350.0,130,114,77.0,24.31,0,0,1
32,0,340.0,164,71,79.0,26.07,0,0,1
52,1,225.0,131,94,86.0,19.85,1,0,1
60,1,321.0,122,64,116.0,19.15,0,0,1
50,0,187.0,139,76,92.0,,1,1,1
32,1,360.0,152,117,,19.63,1,0,1
74,1,337.0,189,101,105.0,20.28,0,0,1
52,0,,126,91,,35.88,1,0,1
52,1,398.0,194,69,58.0,18.86,0,0,1
61,0,376.0,148,102,72.0,32.5,1,1,2
65,1,197.0,170,76,112.0,24.0,1,0,1
60,1,167.0,188,64,110.0,37.17,0,0,1
51,1,293.0,137,104,89.0,28.67,1,1,1
78,0,332.0,94,101,93.0,24.72,0,0,1
41,0,188.0,137,68,73.0,29.39,0,0,0
33,0,345.0,185,108,100.0,26.4,0,0,1
57,0,336.0,92,92,107.0,30.41,0,0,1
77,0,238.0,136,95,82.0,,0,0,1
44,1,373.0,151,95,65.0,39.93,1,0,1
37,0,211.0,188,77,71.0,27.36,0,0,0
52,0,381.0,103,68,106.0,,0,0,1
72,1,290.0,152,116,111.0,33.62,0,0,1
53,0,258.0,150,88,120.0,26.01,0,0,1
37,1,230.0,120,120,119.0,36.33,1,0,1
70,0,390.0,184,109,79.0,27.99,1,0,2
59,1,378.0,106,73,72.0,33.83,1,0,1
30,0,283.0,113,84,81.0,20.36,0,0,0
42,0,360.0,112,74,106.0,36.61,0,0,1
75,1,226.0,171,65,58.0,34.19,1,0,1
29,0,398.0,139,115,80.0,22.66,1,0,1
71,1,337.0,167,101,120.0,21.2,0,0,1
49,0,239.0,168,88,58.0,24.96,0,0,1
26,0,163.0,168,74,62.0,39.47,1,1,1
34,1,244.0,159,88,107.0,23.65,1,0,1
80,0,203.0,116,63,52.0,28.03,0,0,1
54,1,281.0,104,77,84.0,18.66,1,0,1
74,1,188.0,139,109,70.0,26.74,0,0,1
69,1,221.0,125,116,113.0,30.57,0,0,1
29,1,174.0,97,108,101.0,38.97,0,1,0
79,0,226.0,168,103,83.0,29.37,0,0,1
80,0,309.0,92,98,84.0,36.02,0,1,1
57,0,336.0,151,75,64.0,30.04,0,0,1
78,1,379.0,136,70,55.0,18.9,0,1,1
25,1,340.0,166,73,81.0,24.93,1,0,1
42,0,315.0,194,62,,30.66,1,0,1
56,1,269.0,187,110,77.0,38.91,0,0,1
71,0,369.0,177,109,113.0,36.9,0,0,1
73,1,202.0,193,101,68.0,23.02,1,0,1
35,1,371.0,185,97,64.0,22.84,0,0,1
45,1,344.0,150,104,55.0,22.43,1,0,1
50,1,305.0,121,101,87.0,38.29,1,0,1
49,0,280.0,183,77,75.0,36.76,0,0,1
46,0,386.0,102,117,100.0,35.05,1,0,1
51,0,395.0,90,79,102.0,26.64,1,1,1
73,0,375.0,123,117,105.0,29.1,0,0,1
37,0,357.0,151,107,108.0,28.22,0,0,1
57,1,299.0,168,84,119.0,23.57,0,0,1
58,1,245.0,197,116,107.0,29.11,0,0,1
65,1,315.0,167,97,62.0,18.67,0,1,1
59,0,349.0,182,72,92.0,20.9,0,0,1
25,1,396.0,187,63,100.0,37.5,0,0,1
45,1,221.0,171,114,68.0,34.54,1,0,1
72,0,211.0,160,73,70.0,,0,0,1
79,1,334.0,182,92,73.0,29.38,0,0,1
30,1,155.0,120,87,,26.14,0,1,0
52,0,355.0,153,111,94.0,34.3,0,0,1
41,1,181.0,114,96,77.0,35.25,0,0,0
29,1,248.0,127,67,78.0,34.79,0,0,0
55,0,287.0,103,103,66.0,33.9,0,0,0
29,1,280.0,97,93,117.0,22.5,1,1,1
62,1,336.0,180,103,93.0,25.44,1,0,1
27,1,225.0,143,64,110.0,28.34,0,0,0
77,1,326.0,91,113,117.0,25.28,0,0,1
47,0,208.0,170,64,74.0,34.61,0,0,1
61,1,180.0,190,90,116.0,25.25,1,0,1
77,1,242.0,167,104,51.0,21.04,0,0,1
61,0,218.0,178,68,98.0,26.78,1,0,1
34,1,339.0,145,101,119.0,39.56,0,1,1
34,1,201.0,183,91,75.0,22.97,0,0,0
43,1,238.0,182,92,76.0,31.47,0,0,1
41,0,276.0,173,62,67.0,27.53,1,0,1
45,1,318.0,174,89,103.0,19.56,1,0,1
38,0,180.0,150,109,50.0,28.73,0,0,0
33,0,362.0,111,71,110.0,33.45,0,0,0
70,0,399.0,124,88,52.0,29.29,0,1,1
25,0,233.0,190,62,117.0,,0,1,1
75,1,380.0,105,85,90.0,24.36,1,0,1
69,1,276.0,139,116,86.0,19.9,1,0,1
37,0,299.0,132,120,100.0,38.6,1,0,1
28,1,281.0,106,89,64.0,26.32,1,0,0
25,1,162.0,169,68,57.0,30.68,0,0,0
73,1,194.0,147,85,87.0,35.42,1,0,1
64,0,276.0,91,61,105.0,25.13,1,0,1
56,1,319.0,93,62,96.0,,0,0,1
58,1,263.0,174,105,59.0,20.98,1,0,1
52,1,326.0,128,63,98.0,24.41,0,0,1
55,0,169.0,187,84,90.0,21.18,1,0,1
32,0,393.0,183,110,79.0,35.85,0,1,1
63,1,354.0,95,72,54.0,,0,1,1
50,1,230.0,170,98,120.0,33.78,0,0,1
58,1,331.0,192,103,80.0,38.75,0,0,1
78,1,313.0,178,94,101.0,29.61,0,0,1
78,0,374.0,158,114,72.0,29.88,0,0,1
27,1,278.0,158,82,97.0,28.14,0,0,0
74,1,292.0,109,68,89.0,25.17,0,0,1
36,0,354.0,153,61,55.0,28.46,1,0,1
25,1,166.0,105,120,87.0,31.26,1,0,0
78,1,301.0,140,113,90.0,39.69,0,0,1
68,0,207.0,194,100,76.0,,1,1,2
29,1,221.0,126,103,118.0,36.97,0,0,0
54,0,391.0,193,90,,37.56,1,0,2
54,1,368.0,162,103,66.0,28.29,0,0,1
41,1,,158,106,120.0,32.46,0,0,1
72,1,172.0,131,61,96.0,37.69,0,0,1
71,1,323.0,146,91,62.0,26.64,0,0,1
47,0,221.0,155,77,60.0,39.16,1,0,1
39,1,157.0,98,72,73.0,27.15,1,0,0
61,1,208.0,196,105,53.0,31.22,0,0,1
45,0,367.0,189,64,95.0,,0,0,1
38,1,,175,117,67.0,38.91,1,0,1
26,1,336.0,153,101,92.0,23.38,1,0,1
35,0,162.0,175,103,82.0,34.41,0,0,0
75,1,316.0,111,69,59.0,,0,0,1
63,1,378.0,123,115,108.0,23.91,0,0,1
62,0,390.0,144,102,80.0,35.09,0,0,1
58,1,305.0,118,84,77.0,30.15,0,1,1
62,0,366.0,127,93,109.0,,0,1,1
74,0,338.0,199,96,52.0,25.1,1,0,2
58,0,165.0,186,89,104.0,28.59,0,0,1
42,1,268.0,107,66,63.0,31.58,1,0,1
54,1,151.0,160,65,107.0,26.91,1,1,1
39,0,395.0,154,113,64.0,22.36,1,0,1
51,0,359.0,186,114,51.0,39.16,0,0,1
75,1,294.0,90,62,73.0,29.25,1,0,1
58,0,179.0,177,72,113.0,34.15,0,0,1
76,1,252.0,93,62,120.0,27.04,0,0,1
62,1,162.0,93,85,73.0,25.81,0,1,0
57,1,245.0,171,116,,26.96,0,0,1
48,1,391.0,116,83,86.0,27.0,1,0,1
39,0,370.0,132,112,88.0,29.97,1,0,1
54,1,387.0,148,65,112.0,29.96,0,0,1
79,1,243.0,121,102,75.0,28.94,0,0,1
66,1,231.0,122,119,114.0,20.97,0,0,0
75,0,,117,117,53.0,28.91,0,0,0
41,1,320.0,195,108,78.0,21.72,1,0,1
29,0,362.0,194,101,,20.77,0,0,1
53,0,243.0,144,71,99.0,38.52,1,0,1
28,0,298.0,189,108,60.0,,0,0,1
34,1,261.0,149,95,108.0,32.51,0,1,1
80,1,204.0,159,61,111.0,26.84,0,0,1
41,1,230.0,151,70,85.0,38.0,0,0,0
34,1,317.0,169,98,105.0,32.03,0,0,1
41,0,360.0,123,93,70.0,,1,0,1
44,1,265.0,176,85,62.0,26.11,1,0,1
48,0,292.0,195,77,58.0,39.12,0,0,1
29,1,350.0,177,80,60.0,36.05,0,0,1
58,1,329.0,145,95,119.0,36.79,0,0,1
30,1,351.0,102,99,50.0,21.79,0,0,0
77,1,257.0,145,111,119.0,,0,0,1
26,0,372.0,107,105,105.0,24.28,0,0,0
37,1,202.0,143,103,80.0,23.96,1,0,0
67,1,364.0,166,81,86.0,36.82,1,0,2
67,1,277.0,190,112,96.0,18.7,1,0,1
72,0,329.0,132,118,96.0,19.67,0,0,1
35,1,307.0,128,89,118.0,24.03,1,0,1
75,1,310.0,150,109,107.0,22.4,0,0,1
71,0,206.0,131,102,85.0,23.1,0,0,1
47,0,201.0,170,120,81.0,35.55,1,0,1
79,1,286.0,168,119,,30.39,0,0,1
40,1,331.0,107,89,120.0,18.13,0,0,0
55,0,260.0,112,67,91.0,,1,0,1
35,0,150.0,143,93,97.0,26.97,1,0,0
78,0,193.0,119,116,79.0,20.51,1,0,1
40,0,376.0,187,106,70.0,32.88,0,0,1
32,1,224.0,147,68,109.0,33.45,0,0,0
28,1,247.0,157,110,62.0,33.86,1,0,1
64,1,357.0,156,79,50.0,,0,0,1
28,1,158.0,160,99,,18.0,0,1,0
80,0,181.0,107,84,82.0,38.99,0,1,1
49,1,164.0,195,78,87.0,35.91,0,1,1
27,1,289.0,96,64,74.0,37.89,0,0,0
56,1,374.0,129,70,75.0,18.34,0,0,1
27,1,386.0,159,74,108.0,38.54,0,0,1
51,0,355.0,175,67,82.0,35.82,0,0,1
53,1,398.0,154,78,90.0,36.42,0,0,1
56,0,334.0,157,82,79.0,20.05,0,0,1
74,1,285.0,199,86,106.0,34.25,1,1,2
75,0,221.0,138,99,,39.12,0,0,1
43,0,304.0,141,91,97.0,32.93,0,0,1
45,1,339.0,196,85,98.0,30.55,1,0,1
29,0,161.0,118,86,96.0,38.8,0,0,0
42,1,214.0,110,78,105.0,27.74,0,0,0
52,0,,179,109,114.0,31.18,0,0,1
66,1,381.0,167,101,61.0,28.48,1,0,2
46,1,191.0,98,88,118.0,38.52,1,0,0
45,1,339.0,136,98,55.0,19.67,1,1,1
30,0,264.0,165,119,114.0,29.02,1,0,1
25,0,288.0,131,100,74.0,33.11,0,0,0
29,0,252.0,140,92,50.0,35.42,0,0,0
65,0,320.0,145,78,81.0,30.83,0,0,1
36,1,244.0,140,96,52.0,38.0,0,0,0
50,1,166.0,159,78,98.0,38.72,1,0,1
70,1,374.0,109,92,68.0,19.42,0,0,1
58,1,309.0,177,106,109.0,26.85,0,1,1
73,1,399.0,116,75,78.0,18.52,1,0,1
38,1,370.0,127,82,99.0,25.25,0,0,0
50,0,362.0,161,66,51.0,29.81,0,0,1
69,1,234.0,154,85,105.0,38.04,0,0,1
51,1,317.0,143,91,66.0,36.62,0,0,1
33,1,300.0,113,71,109.0,20.8,0,0,0
50,0,205.0,136,67,85.0,20.05,0,0,0
71,0,283.0,160,64,110.0,30.96,0,1,1
46,1,235.0,172,101,66.0,29.71,1,0,1
71,1,327.0,175,87,98.0,23.86,1,0,1
80,1,251.0,152,112,109.0,37.79,0,0,1
54,0,314.0,146,64,69.0,38.4,0,0,1
67,1,386.0,144,108,99.0,26.86,1,0,1
72,0,341.0,149,85,52.0,37.59,1,0,2
41,0,392.0,188,64,92.0,26.45,0,0,1
50,0,203.0,151,81,106.0,34.21,0,0,0
60,1,349.0,119,74,99.0,28.47,1,0,1
25,1,382.0,182,72,117.0,20.7,0,0,1
32,0,326.0,111,87,99.0,38.41,0,0,0
73,1,376.0,164,92,86.0,27.99,0,0,1
59,0,264.0,173,102,95.0,34.16,0,0,1
76,1,288.0,118,82,91.0,26.08,0,1,1
39,1,237.0,130,92,64.0,18.42,0,0,0
71,1,,131,102,82.0,20.21,1,0,1
80,0,298.0,187,77,60.0,28.92,0,1,2
46,1,264.0,154,109,69.0,33.18,0,1,1
38,1,343.0,120,112,73.0,25.36,0,0,0
50,0,212.0,119,89,113.0,33.3,1,0,1
52,1,253.0,107,85,114.0,33.37,0,0,0
47,0,232.0,106,75,66.0,33.49,0,0,0
38,1,252.0,127,72,110.0,28.84,0,0,0
48,0,305.0,103,98,64.0,,1,0,1
26,1,400.0,176,92,100.0,28.76,0,0,1
69,1,166.0,178,85,76.0,27.91,0,0,1
50,0,155.0,168,107,110.0,22.39,0,0,0
38,0,296.0,199,60,107.0,24.77,1,0,1
80,0,333.0,145,108,80.0,18.93,0,0,1
75,1,379.0,111,97,61.0,31.94,1,0,1
31,0,,156,61,95.0,23.47,1,0,0
27,1,343.0,145,108,80.0,24.69,1,0,1
71,0,187.0,108,65,81.0,34.96,0,0,1
47,0,268.0,146,105,81.0,25.2,1,0,1
70,1,186.0,133,109,,23.33,0,0,0
67,0,264.0,187,97,110.0,21.72,0,0,1
71,1,393.0,124,101,95.0,35.05,1,0,1
69,1,217.0,90,83,56.0,20.85,0,0,0
42,1,363.0,141,77,53.0,27.98,0,0,1
62,1,367.0,174,86,,29.15,0,0,1
59,1,326.0,182,100,80.0,33.12,0,0,1
75,0,,159,67,85.0,31.93,0,0,1
39,0,313.0,126,87,103.0,35.84,1,0,1
49,0,207.0,154,69,103.0,18.98,1,1,1
79,1,162.0,140,76,66.0,24.52,0,0,1
61,0,201.0,90,114,79.0,24.16,0,0,0
52,1,207.0,180,88,71.0,21.21,1,1,1
34,1,181.0,110,117,92.0,24.36,0,0,0
63,1,358.0,142,65,76.0,24.81,0,0,1
41,1,254.0,105,73,86.0,29.48,0,0,0
63,0,377.0,197,81,95.0,32.6,0,0,1
46,1,396.0,150,113,84.0,26.38,0,0,1
50,1,337.0,143,65,53.0,33.83,0,0,1
68,0,387.0,129,85,75.0,25.4,0,0,1
49,0,232.0,115,98,68.0,24.39,0,0,0
41,1,335.0,169,71,94.0,29.91,0,0,1
37,1,248.0,181,94,75.0,18.52,1,0,1
44,1,387.0,154,73,71.0,19.76,1,0,1
49,1,,189,81,107.0,27.2,0,0,1
28,1,333.0,163,110,112.0,38.74,0,0,1
34,1,400.0,153,82,77.0,33.87,1,0,1
27,0,177.0,132,107,114.0,19.94,0,0,0
65,0,278.0,106,66,93.0,36.62,1,0,1
69,0,319.0,148,99,92.0,34.11,0,1,1
42,1,359.0,112,109,86.0,31.44,1,0,1
71,1,197.0,96,84,115.0,36.05,0,0,0
60,1,189.0,133,72,66.0,26.89,0,0,0
71,0,246.0,142,80,89.0,22.87,1,0,1
46,1,340.0,160,100,87.0,29.26,0,0,1
58,1,353.0,197,69,110.0,30.07,0,0,1
71,1,349.0,168,112,58.0,29.84,0,0,1
32,1,365.0,123,114,110.0,30.43,1,0,1
64,0,357.0,135,118,65.0,38.87,0,0,1
73,1,263.0,198,68,51.0,37.85,0,0,1
68,0,281.0,157,74,92.0,37.27,0,1,1
43,0,315.0,167,111,91.0,35.63,0,0,1
66,1,385.0,167,61,106.0,,0,0,1
65,1,304.0,105,84,116.0,20.17,0,0,1
61,1,,160,72,79.0,23.83,0,0,1
30,1,260.0,185,93,62.0,28.89,0,0,0
76,1,293.0,108,110,68.0,36.62,0,0,1
50,1,333.0,91,117,56.0,29.11,0,0,0
58,1,225.0,99,93,,34.46,0,0,0
80,0,180.0,139,94,103.0,21.06,0,0,1
69,0,365.0,170,97,110.0,23.55,1,0,2
30,0,268.0,190,62,51.0,34.1,0,1,1
61,1,291.0,101,101,99.0,21.62,1,1,1
57,0,386.0,159,115,80.0,25.73,0,0,1
77,0,,111,118,82.0,23.83,0,0,0
46,0,,121,65,,25.7,0,0,0
45,1,216.0,194,114,,33.58,0,0,1
30,0,399.0,173,107,56.0,26.09,1,0,1
30,1,301.0,90,108,80.0,30.22,1,0,0
79,0,,143,78,97.0,20.2,1,0,1
72,1,383.0,200,62,96.0,35.71,0,0,2
28,0,222.0,147,77,102.0,,0,0,0
54,0,175.0,159,98,68.0,32.27,0,0,0
35,1,297.0,172,68,55.0,33.96,1,0,1
54,0,341.0,107,111,98.0,22.61,0,0,1
55,0,253.0,95,71,99.0,37.46,0,0,0
48,0,159.0,134,64,61.0,31.56,0,0,0
79,0,360.0,186,62,72.0,27.43,0,0,1
33,0,216.0,112,70,103.0,,1,0,0
79,0,301.0,112,116,118.0,38.73,0,0,1
27,1,154.0,115,89,108.0,34.61,0,0,0
75,1,344.0,166,63,85.0,22.58,0,0,1
55,1,335.0,96,64,52.0,25.43,1,0,1
64,0,176.0,168,60,107.0,35.81,0,1,1
61,1,357.0,133,86,104.0,33.3,1,0,1
60,0,262.0,116,87,106.0,34.85,0,0,1
48,0,164.0,115,88,66.0,27.71,1,0,0
55,1,312.0,186,77,88.0,,1,0,1
30,0,353.0,168,71,117.0,26.5,0,0,1
26,0,254.0,125,72,104.0,22.65,0,0,0
44,1,330.0,198,100,94.0,31.92,0,0,1
52,1,193.0,144,61,50.0,39.47,0,0,1
35,1,175.0,153,96,70.0,24.83,1,0,0
28,1,324.0,180,104,70.0,28.14,0,0,1
39,1,311.0,146,75,101.0,32.83,0,0,1
30,0,364.0,158,107,92.0,29.91,0,0,1
78,0,244.0,150,83,101.0,36.56,0,0,1
73,0,327.0,91,94,116.0,34.76,1,0,1
54,0,233.0,144,81,93.0,19.28,0,0,0
80,0,289.0,186,95,81.0,39.97,1,0,2
62,1,364.0,169,70,59.0,34.55,1,0,2
75,1,281.0,176,114,113.0,37.01,0,0,1
26,1,236.0,127,117,118.0,32.33,0,0,0
39,0,325.0,169,105,117.0,36.84,1,0,1
35,1,332.0,167,88,77.0,20.47,0,1,1
32,1,261.0,118,94,102.0,25.65,0,0,0
50,1,278.0,115,107,,37.28,0,0,1
75,0,395.0,124,113,102.0,22.44,0,0,1
69,1,238.0,168,74,53.0,19.72,1,0,1
68,0,215.0,156,119,66.0,35.34,0,0,1
29,0,307.0,176,90,116.0,36.38,0,0,1
30,0,280.0,118,101,96.0,,1,1,1
50,1,271.0,123,100,,36.8,1,0,1
78,1,298.0,186,102,72.0,33.11,0,0,1
28,0,366.0,130,75,67.0,29.44,1,0,1
43,0,233.0,130,69,50.0,36.27,0,0,0
44,1,326.0,112,108,84.0,27.22,1,0,1
57,0,265.0,160,91,113.0,22.27,0,0,1
44,0,363.0,92,110,107.0,24.27,0,0,0
73,0,362.0,147,61,108.0,,1,0,2
36,1,339.0,121,83,50.0,29.69,0,0,0
71,0,374.0,120,82,52.0,35.72,1,0,1
25,0,265.0,171,61,116.0,35.41,0,0,0
50,0,187.0,132,97,86.0,30.79,1,0,1
38,1,292.0,96,90,78.0,35.18,1,0,1
62,1,399.0,194,110,82.0,22.22,0,0,1
61,1,399.0,90,99,110.0,19.1,1,0,1
35,0,259.0,150,85,53.0,37.22,0,0,0
60,1,329.0,103,88,63.0,19.66,1,0,1
37,0,356.0,141,62,82.0,23.43,0,0,0
67,1,195.0,185,117,71.0,33.3,1,0,1
27,1,174.0,95,73,97.0,,0,1,0
57,1,170.0,192,84,52.0,37.28,0,0,1
30,1,365.0,99,107,72.0,24.56,0,0,0
74,1,270.0,160,60,117.0,18.26,0,0,1
80,0,,179,112,70.0,24.61,1,0,2
34,1,282.0,187,62,92.0,30.72,0,0,1
29,0,219.0,119,113,75.0,26.27,0,0,0
47,1,262.0,189,85,90.0,29.77,0,0,1
34,0,256.0,110,77,87.0,37.29,0,0,0
68,0,261.0,149,68,60.0,38.07,0,0,1
26,0,257.0,170,97,78.0,23.85,1,0,1
37,0,196.0,186,82,109.0,28.17,1,0,1
64,1,364.0,163,80,,30.08,0,0,1
26,1,345.0,152,116,114.0,38.88,0,0,1
44,0,,200,60,110.0,39.97,0,0,1
25,0,167.0,131,80,68.0,23.18,0,0,0
61,1,298.0,140,86,95.0,33.99,0,0,1
33,0,,153,101,98.0,26.32,1,0,1
41,1,376.0,165,118,71.0,18.18,0,0,1
33,1,363.0,145,65,106.0,18.2,1,0,1
35,1,253.0,169,114,63.0,28.13,0,0,0
39,1,300.0,130,103,93.0,28.74,0,0,0
48,0,341.0,121,95,65.0,18.5,0,0,0
62,1,344.0,104,87,61.0,33.11,0,1,1
79,0,189.0,151,104,,24.47,0,0,1
59,0,391.0,116,76,100.0,30.32,1,0,1
54,1,287.0,117,118,88.0,24.62,0,0,0
55,0,238.0,170,99,82.0,21.68,1,0,1
73,1,329.0,153,117,,,0,0,1
29,1,390.0,199,111,78.0,23.11,0,0,1
68,1,349.0,148,62,118.0,29.77,0,0,1
74,1,396.0,147,71,119.0,22.37,0,0,1
38,0,,91,98,80.0,29.18,0,0,0
77,0,210.0,125,71,80.0,21.46,0,0,1
80,1,341.0,160,61,95.0,32.76,0,0,1
35,0,154.0,102,115,101.0,34.59,0,0,0
33,1,271.0,104,105,59.0,20.43,0,0,0
58,1,386.0,178,81,,28.29,0,1,2
36,1,,176,82,52.0,19.56,0,0,1
59,0,204.0,149,89,108.0,31.16,1,0,1
59,0,186.0,111,64,101.0,23.82,0,1,1
25,0,205.0,152,68,83.0,29.61,1,0,0
64,0,,179,80,98.0,,0,0,1
46,1,386.0,186,70,77.0,38.34,1,1,2
53,0,251.0,164,64,62.0,30.08,0,0,1
32,0,242.0,163,94,118.0,30.83,1,0,1
35,0,346.0,114,86,116.0,26.84,0,0,0
65,1,222.0,190,108,110.0,38.88,1,0,1
61,1,208.0,137,61,,35.1,0,0,1
38,0,389.0,132,83,120.0,24.28,0,0,1
54,0,151.0,127,90,73.0,,0,0,0
59,0,342.0,130,92,112.0,27.51,0,0,1
45,0,253.0,134,98,110.0,36.23,0,0,0
61,1,337.0,177,89,72.0,36.1,0,0,1
29,1,200.0,129,105,79.0,22.16,0,1,0
43,0,179.0,199,96,109.0,33.43,1,0,1
38,0,160.0,186,110,67.0,24.39,0,0,0
50,1,369.0,106,87,105.0,24.54,1,0,1
28,1,257.0,177,119,102.0,24.52,0,1,1
49,1,,190,90,,33.96,0,0,1
69,0,316.0,146,70,118.0,23.06,1,0,1
66,1,239.0,91,82,101.0,18.02,1,0,1
49,0,354.0,185,116,53.0,33.74,1,0,1
42,1,272.0,151,61,83.0,21.77,0,0,0
64,1,349.0,177,99,118.0,20.3,0,0,1
32,0,340.0,98,100,82.0,23.23,0,1,0
63,0,341.0,157,86,118.0,,0,0,1
64,0,,170,94,87.0,28.47,0,0,1
38,0,274.0,106,61,75.0,18.98,1,0,0
56,0,331.0,139,98,50.0,39.35,1,0,1
75,0,369.0,183,96,53.0,33.75,0,0,1
62,1,271.0,129,80,88.0,25.11,0,0,1
57,1,243.0,147,117,103.0,25.01,1,0,1
47,0,350.0,164,64,82.0,27.87,0,0,1
39,1,252.0,174,111,82.0,,0,0,1
57,0,372.0,110,104,69.0,21.22,0,0,1
49,1,335.0,107,80,65.0,22.16,0,0,0
41,0,362.0,144,88,70.0,36.91,1,0,1
57,1,333.0,118,79,94.0,23.64,0,0,1
71,1,388.0,113,120,111.0,26.36,0,0,1
79,1,,163,97,80.0,37.17,0,0,1
26,1,396.0,198,79,91.0,32.59,1,1,2
38,0,180.0,106,109,61.0,25.52,1,0,0
77,1,201.0,107,84,114.0,33.04,0,1,1
64,0,238.0,131,61,52.0,18.43,0,0,0
64,0,225.0,173,116,58.0,34.18,0,0,1
75,0,278.0,190,91,100.0,28.71,0,0,1
63,1,332.0,134,85,65.0,35.89,0,0,1
75,0,171.0,171,65,52.0,39.0,0,0,1
30,1,189.0,106,100,73.0,38.37,0,0,0
30,1,250.0,162,116,62.0,38.0,0,0,0
27,1,260.0,103,62,51.0,29.27,0,0,0
31,1,278.0,138,92,120.0,25.92,1,0,1
75,0,214.0,118,60,70.0,28.23,0,0,1
32,0,398.0,184,110,68.0,33.18,0,0,1
66,0,340.0,93,64,96.0,37.45,1,0,1
76,0,383.0,171,72,71.0,22.55,0,0,1
39,0,331.0,109,78,82.0,38.2,1,0,1
71,0,319.0,136,71,81.0,35.93,0,0,1
53,0,298.0,196,107,113.0,39.53,0,0,1
57,1,228.0,197,84,88.0,37.37,1,0,1
76,1,358.0,98,116,91.0,24.16,0,0,1
54,0,171.0,166,110,58.0,20.33,1,0,1
63,1,,168,94,74.0,20.47,0,0,1
51,0,248.0,116,71,51.0,24.41,0,0,0
60,0,386.0,104,89,,31.51,0,0,1
53,1,357.0,181,64,69.0,35.7,0,0,1
62,1,,190,93,119.0,37.78,0,0,1
57,0,339.0,108,81,66.0,31.72,0,1,1
61,1,324.0,179,98,117.0,18.12,0,0,1
51,1,166.0,141,72,52.0,22.1,0,0,0
79,1,166.0,115,116,100.0,20.19,1,0,1
57,1,,178,106,75.0,25.99,0,0,1
28,1,239.0,115,113,105.0,29.03,1,0,0
46,0,290.0,115,62,113.0,18.95,0,0,0
26,0,294.0,135,119,57.0,25.67,0,0,0
34,0,315.0,181,112,86.0,21.94,1,0,1
29,1,230.0,138,79,76.0,32.24,0,0,0
34,1,389.0,171,90,94.0,28.21,0,0,1
57,0,227.0,185,64,,28.9,0,1,1
78,1,322.0,142,83,86.0,27.41,0,0,1
62,1,155.0,92,99,120.0,39.03,0,0,0
37,1,312.0,155,113,82.0,22.72,1,0,1
55,1,259.0,186,92,80.0,29.37,0,0,1
71,1,163.0,131,67,104.0,34.19,1,0,1
60,0,388.0,108,83,61.0,30.25,0,0,1
69,1,221.0,106,109,60.0,38.44,0,0,1
48,0,338.0,197,79,81.0,26.32,0,0,1
76,1,292.0,122,119,106.0,28.2,1,1,2
80,0,203.0,165,75,87.0,19.95,1,0,1
39,1,176.0,138,109,109.0,31.4,0,0,0
53,1,162.0,145,111,68.0,24.34,0,0,0
32,0,390.0,152,71,105.0,21.53,0,0,1
29,1,308.0,92,72,63.0,29.98,0,0,0
53,1,394.0,196,104,82.0,29.71,0,1,2
71,1,397.0,138,101,59.0,19.67,1,0,1
28,1,312.0,144,98,113.0,33.36,0,0,0
36,1,209.0,115,84,113.0,31.72,1,0,0
69,0,155.0,188,105,111.0,,0,0,1
26,0,346.0,161,91,117.0,,0,0,0
51,0,,141,83,92.0,33.85,0,1,1
55,1,207.0,189,107,108.0,29.65,1,0,1
75,0,198.0,96,106,101.0,26.7,1,0,1
75,1,300.0,135,103,68.0,25.09,0,0,1
60,1,366.0,135,68,,31.43,0,0,1
60,1,311.0,189,99,71.0,38.66,0,0,1
50,1,175.0,105,109,58.0,32.78,0,0,0
67,1,196.0,113,82,58.0,19.64,0,0,0
51,0,154.0,150,109,76.0,28.14,1,0,1
29,1,367.0,143,72,66.0,37.6,0,0,1
44,1,169.0,151,119,93.0,20.08,1,0,0
35,1,283.0,90,118,94.0,39.76,0,0,0
34,1,347.0,138,91,57.0,38.88,0,0,1
64,0,208.0,114,109,67.0,19.72,1,1,1
62,0,341.0,99,74,82.0,38.54,0,0,1
30,1,391.0,169,95,50.0,25.99,1,0,1
32,0,295.0,105,108,55.0,36.58,0,0,0
47,1,281.0,147,64,90.0,27.2,0,0,1
71,1,166.0,161,81,104.0,27.7,1,0,1
50,0,398.0,118,75,54.0,31.95,1,0,1
70,1,,192,100,108.0,35.04,0,0,1
67,0,355.0,181,69,67.0,18.74,0,0,1
36,1,162.0,95,83,98.0,31.05,1,0,0
50,1,284.0,105,77,114.0,22.11,1,0,1
37,1,277.0,109,108,103.0,25.61,0,0,0
64,0,193.0,169,77,110.0,25.66,1,0,1
42,1,268.0,160,66,57.0,28.32,0,0,1
49,1,292.0,194,63,52.0,25.35,0,0,1
57,1,168.0,167,85,74.0,20.36,0,0,0
71,1,212.0,132,64,118.0,21.2,0,0,1
64,0,384.0,115,119,104.0,18.74,1,0,1
67,0,388.0,179,114,89.0,28.35,0,0,1
36,0,385.0,167,75,99.0,39.0,1,0,1
68,1,312.0,160,94,82.0,,0,0,1
60,0,,122,85,67.0,38.82,1,0,1
72,0,312.0,115,77,106.0,34.13,1,0,1
28,1,296.0,134,88,65.0,32.02,0,0,0
29,0,297.0,173,82,87.0,32.2,0,0,1
80,1,249.0,152,112,90.0,36.19,0,0,1
61,1,312.0,156,73,,20.35,1,0,1
32,1,309.0,141,74,102.0,29.1,1,0,1
66,0,,157,108,112.0,33.34,0,0,1
73,0,325.0,115,92,81.0,30.91,1,0,1
52,1,193.0,164,84,87.0,36.32,0,0,1
55,1,253.0,91,80,71.0,19.59,0,0,0
33,1,301.0,103,76,65.0,33.2,1,0,1
78,0,210.0,197,82,101.0,29.75,0,0,1
75,1,274.0,119,116,78.0,26.34,1,0,1
53,1,294.0,138,102,65.0,25.49,0,0,1
38,1,220.0,101,76,66.0,31.66,0,0,0
64,1,256.0,179,117,113.0,,0,0,1
65,1,199.0,133,73,62.0,28.92,0,1,1
46,1,214.0,122,88,105.0,36.14,1,0,1
35,0,248.0,102,79,54.0,26.85,0,0,0
47,1,181.0,167,89,61.0,20.25,0,0,0
25,0,313.0,177,78,90.0,19.35,0,1,1
70,0,290.0,187,112,52.0,19.13,0,0,1
61,0,347.0,197,98,82.0,26.36,1,0,2
45,0,207.0,115,115,99.0,25.42,0,0,0
50,0,277.0,110,72,105.0,33.79,0,0,0
70,0,291.0,117,77,58.0,34.34,1,0,1
60,1,314.0,137,82,,19.12,0,1,1
78,1,261.0,189,105,78.0,22.86,1,0,1
47,0,356.0,129,92,88.0,24.03,0,0,1
25,1,388.0,155,98,94.0,30.05,0,0,1
78,1,217.0,195,99,66.0,21.18,1,0,1
79,0,189.0,162,77,105.0,20.95,1,0,1
75,0,336.0,176,68,95.0,38.76,0,0,1
64,1,357.0,168,92,116.0,35.69,0,0,1
39,1,369.0,166,91,118.0,21.97,0,1,1
45,1,293.0,112,120,63.0,26.94,0,0,0
71,0,339.0,170,113,116.0,25.82,1,0,2
33,0,281.0,137,76,72.0,35.4,0,0,0
77,0,322.0,91,78,,29.22,0,0,1
33,0,239.0,173,86,72.0,20.81,1,0,1
34,0,177.0,109,65,76.0,34.26,0,1,0
76,0,245.0,148,94,103.0,26.73,0,0,1
77,1,,135,115,59.0,23.78,1,0,1
50,1,343.0,92,96,65.0,26.26,1,0,1
65,0,180.0,144,93,,28.95,0,0,1
59,1,152.0,101,79,104.0,25.55,0,0,0
76,0,395.0,129,84,110.0,23.32,0,0,1
49,1,285.0,155,63,98.0,26.77,0,1,1
50,0,173.0,189,69,101.0,18.42,0,0,0
35,1,164.0,167,69,51.0,34.99,1,0,1
62,1,320.0,105,83,,21.76,1,0,1
26,1,,172,80,92.0,18.97,1,0,1
31,0,350.0,123,70,57.0,32.38,0,0,0
42,1,380.0,133,86,108.0,35.03,1,0,1
51,0,194.0,199,75,114.0,35.9,0,0,1
58,1,343.0,95,85,61.0,28.86,0,0,1
51,1,157.0,166,120,53.0,22.52,0,0,0
41,0,220.0,153,120,90.0,34.22,0,0,0
67,1,397.0,189,89,56.0,33.39,1,0,2
68,1,257.0,111,108,118.0,23.42,0,0,1
75,0,264.0,107,75,118.0,37.87,0,0,1
78,1,252.0,101,66,79.0,20.3,1,0,1
48,0,383.0,141,75,55.0,39.62,0,0,1
49,1,274.0,183,94,68.0,36.93,1,0,1
31,1,206.0,140,117,115.0,33.13,0,0,0
76,1,357.0,193,75,59.0,38.65,0,0,2
30,1,376.0,160,99,65.0,33.89,1,0,1
77,1,179.0,185,71,86.0,22.19,0,0,1
48,0,351.0,137,94,81.0,27.73,0,0,1
57,1,379.0,108,108,96.0,19.57,0,0,1
73,0,295.0,95,80,92.0,26.57,0,0,1
53,1,263.0,173,109,85.0,34.32,0,0,1
67,0,346.0,116,102,75.0,26.5,0,0,1
46,0,266.0,142,95,59.0,25.27,0,0,0
50,1,370.0,196,107,80.0,31.1,1,0,1
52,0,316.0,190,76,78.0,37.19,0,0,1
74,1,209.0,137,91,54.0,19.05,0,0,1
45,0,247.0,96,100,50.0,26.48,0,1,0
73,0,320.0,148,65,52.0,21.48,1,0,1
31,1,,158,83,116.0,33.3,1,0,1
41,0,322.0,100,86,120.0,,1,0,1
44,0,300.0,104,79,84.0,32.63,1,0,1
65,1,346.0,153,84,64.0,24.3,0,0,1
73,0,243.0,92,61,116.0,22.38,0,0,0
44,1,283.0,158,68,79.0,38.6,0,0,1
78,0,333.0,112,87,92.0,18.41,0,0,1
46,0,271.0,142,112,109.0,,0,0,0
52,1,387.0,126,120,89.0,18.48,0,0,1
64,0,257.0,98,97,114.0,28.64,1,0,1
73,0,153.0,104,62,78.0,29.02,1,0,1
31,0,242.0,92,79,68.0,25.08,0,0,0
25,0,300.0,182,65,52.0,20.91,1,0,1
56,1,155.0,159,98,85.0,26.28,0,0,0
37,0,181.0,106,92,92.0,32.79,0,0,0
54,1,255.0,115,114,64.0,35.21,0,0,0
47,1,295.0,110,60,90.0,29.68,0,0,0
75,0,164.0,161,96,85.0,30.98,0,0,1
80,1,317.0,110,65,82.0,22.41,1,0,1
43,0,271.0,100,104,54.0,24.32,0,0,0
56,1,245.0,127,93,63.0,21.56,0,0,0
54,0,350.0,161,106,117.0,23.48,0,0,1
53,1,378.0,195,74,96.0,22.95,0,0,1
73,1,351.0,177,104,103.0,29.43,1,0,2
69,0,361.0,124,85,53.0,30.38,0,1,1
53,1,155.0,103,116,58.0,38.79,1,0,1
54,1,261.0,103,73,102.0,22.3,1,0,1
40,0,269.0,99,117,109.0,32.12,0,0,0
64,0,272.0,101,113,95.0,35.98,0,0,1
43,1,340.0,127,66,103.0,30.33,1,0,1
42,1,216.0,197,105,86.0,23.61,1,0,1
25,1,255.0,199,117,72.0,23.78,0,0,0
38,1,288.0,123,90,76.0,18.86,1,0,1
75,1,192.0,130,83,119.0,24.72,1,0,1
71,1,294.0,99,118,115.0,34.38,0,0,1
74,0,245.0,106,90,110.0,19.05,0,0,0
26,0,281.0,106,88,,22.82,1,0,0
78,1,340.0,156,101,99.0,33.54,0,0,1
52,1,345.0,151,91,68.0,35.22,0,0,1
73,0,230.0,184,76,50.0,28.02,0,0,1
74,0,190.0,90,73,89.0,33.36,0,0,0
54,1,360.0,101,99,81.0,26.53,0,0,1
62,1,282.0,192,95,71.0,21.52,1,0,1
75,0,309.0,93,117,115.0,26.76,0,1,1
28,1,363.0,131,107,89.0,30.76,0,0,0
25,0,397.0,102,83,87.0,38.86,0,0,0
32,0,347.0,187,104,97.0,19.51,0,0,1
53,0,184.0,195,113,104.0,29.16,0,0,1
79,0,171.0,174,86,104.0,25.24,0,0,1
63,1,342.0,175,84,100.0,,0,1,1
27,0,361.0,93,118,109.0,18.53,0,0,0
56,1,299.0,171,91,57.0,24.89,0,0,1
34,1,261.0,158,111,117.0,36.04,0,0,0
34,0,396.0,108,77,58.0,30.19,1,0,1
43,1,160.0,91,105,51.0,27.91,0,0,0
70,1,354.0,101,77,119.0,24.28,0,0,1
58,1,400.0,170,96,108.0,24.56,1,1,2
57,0,383.0,163,85,68.0,26.43,0,0,1
47,1,152.0,187,68,77.0,36.38,0,0,1
79,1,286.0,95,119,63.0,39.28,0,0,1
52,0,209.0,97,94,73.0,27.65,0,0,0
56,0,225.0,140,67,93.0,26.65,1,0,1
74,1,,100,79,105.0,36.62,1,0,1
31,1,163.0,152,113,100.0,27.39,0,0,0
53,0,374.0,146,101,81.0,30.14,0,0,1
32,1,167.0,101,81,99.0,23.08,0,1,0
25,0,262.0,162,78,90.0,34.36,1,0,1
79,1,400.0,91,89,115.0,29.7,1,0,1
27,0,382.0,97,112,74.0,35.8,0,0,0
48,1,222.0,100,87,110.0,35.18,0,1,1
47,0,172.0,142,94,115.0,22.73,0,0,0
32,0,351.0,189,102,,33.74,0,0,1
78,0,232.0,99,70,114.0,35.6,0,0,1
71,0,274.0,174,90,85.0,25.61,0,0,1
61,1,324.0,173,108,58.0,21.8,0,0,1
27,0,218.0,97,107,85.0,18.06,1,0,0
75,1,196.0,125,98,87.0,,1,0,1
57,0,265.0,182,95,,25.75,0,1,1
52,0,364.0,195,89,91.0,30.21,0,0,1
71,0,179.0,165,82,110.0,22.14,1,0,1
32,0,,103,78,95.0,36.91,0,0,0
58,0,305.0,143,71,110.0,23.67,0,0,1
59,0,375.0,174,74,67.0,,0,0,1
56,1,386.0,175,90,119.0,28.58,0,0,1
48,0,397.0,110,102,64.0,28.97,0,0,1
38,1,261.0,197,96,97.0,,0,0,1
56,1,388.0,139,96,62.0,23.98,0,0,1
80,0,174.0,183,74,92.0,21.73,0,0,1
70,1,,128,88,109.0,33.81,0,0,1
67,1,355.0,109,109,106.0,34.94,0,0,1
40,1,383.0,177,102,120.0,28.17,1,0,1
28,1,398.0,176,85,66.0,33.71,0,0,1
76,0,387.0,96,103,99.0,34.19,0,0,1
61,1,207.0,98,61,81.0,21.04,0,1,1
78,1,243.0,90,79,71.0,39.26,0,1,1
45,1,268.0,115,74,104.0,36.06,0,1,1
38,1,276.0,127,111,106.0,22.5,1,0,1
55,0,318.0,127,63,62.0,22.1,0,0,1
79,0,174.0,150,81,96.0,20.76,0,0,1
72,1,227.0,133,109,111.0,21.04,1,0,1
42,1,248.0,175,97,103.0,34.46,0,0,1
31,0,265.0,133,82,78.0,28.33,0,1,1
34,0,197.0,163,118,71.0,35.22,0,0,0
31,0,375.0,151,85,114.0,34.42,0,0,1
57,0,159.0,95,110,78.0,31.3,1,0,0
47,1,248.0,106,70,97.0,33.1,0,1,1
45,1,352.0,140,87,54.0,18.4,0,0,1
43,0,160.0,127,115,84.0,24.86,1,0,0
72,0,234.0,113,61,120.0,32.03,0,0,1
43,0,298.0,140,118,95.0,18.21,0,0,0
60,0,363.0,99,67,84.0,18.73,0,0,1
53,1,322.0,161,88,94.0,36.74,0,0,1
42,1,284.0,110,70,62.0,33.05,1,0,1
26,1,396.0,159,96,59.0,23.84,1,0,1
25,0,358.0,174,77,115.0,,0,0,1
71,1,341.0,146,114,119.0,35.43,0,1,1
29,1,275.0,128,109,74.0,24.75,0,0,0
44,1,213.0,177,73,93.0,18.79,0,0,0
35,1,151.0,122,113,109.0,38.52,0,0,0
66,0,225.0,148,69,96.0,25.59,0,0,1
26,0,270.0,107,94,89.0,20.34,1,0,0
27,0,191.0,145,68,56.0,28.82,1,0,0
47,0,359.0,181,94,95.0,34.91,0,0,1
79,0,203.0,146,70,72.0,,0,0,1
36,1,400.0,185,103,95.0,23.93,0,0,1
44,1,224.0,165,71,62.0,23.34,1,0,1
29,1,165.0,137,62,70.0,39.82,1,0,0
61,0,390.0,131,112,50.0,22.34,1,0,1
62,1,392.0,116,98,68.0,30.66,0,0,1
54,1,167.0,163,73,,38.36,0,0,1
33,1,376.0,199,115,82.0,21.23,0,0,1
58,1,394.0,141,87,,39.36,0,0,1
77,1,336.0,131,70,52.0,38.84,0,1,2
68,1,239.0,121,98,101.0,37.46,0,0,1
59,0,,195,84,77.0,22.72,0,0,1
76,0,,115,80,119.0,31.95,0,0,1
46,0,334.0,114,69,119.0,34.74,0,0,1
68,0,257.0,164,102,104.0,39.69,0,0,1
48,0,384.0,112,74,106.0,21.97,0,0,1
41,1,324.0,187,78,65.0,34.85,0,0,1
34,1,388.0,146,107,73.0,25.45,0,0,1
54,1,197.0,141,81,118.0,21.86,0,0,0
80,0,191.0,193,80,90.0,27.27,0,0,1
70,1,225.0,176,119,96.0,35.46,1,0,1
47,1,337.0,182,111,118.0,28.23,0,1,1
56,0,226.0,120,103,80.0,29.83,0,0,0
41,1,281.0,153,91,79.0,39.89,0,0,1
74,0,380.0,160,109,67.0,26.78,1,0,2
75,0,395.0,193,82,93.0,31.54,0,0,2
41,1,279.0,122,72,76.0,26.04,0,1,1
38,0,367.0,174,64,75.0,26.64,0,0,1
33,1,208.0,91,63,109.0,33.3,1,0,0
64,1,304.0,107,87,67.0,38.63,1,0,1
26,1,176.0,136,73,105.0,29.93,0,0,0
69,0,228.0,122,67,80.0,34.9,1,0,1
49,0,221.0,190,68,108.0,19.96,1,0,1
63,0,156.0,187,116,51.0,22.65,0,0,1
33,1,340.0,173,110,88.0,29.05,0,0,1
78,0,260.0,124,94,110.0,18.44,0,0,1
46,0,268.0,140,96,112.0,23.56,1,0,1
67,1,323.0,107,80,67.0,29.38,0,0,1
70,1,212.0,199,117,66.0,18.33,1,0,1
28,0,381.0,177,77,88.0,23.82,0,0,1
50,1,273.0,161,92,120.0,29.31,0,0,1
53,1,161.0,119,67,103.0,,1,0,1
69,0,290.0,133,110,,38.37,0,1,1
58,0,192.0,142,108,60.0,32.2,0,0,0
47,1,166.0,99,76,110.0,27.12,0,1,0
61,1,212.0,176,102,93.0,38.47,0,0,1
35,1,,141,90,117.0,35.27,0,0,1
30,0,269.0,138,93,74.0,22.4,0,0,0
42,0,185.0,100,65,97.0,20.88,0,1,0
45,0,362.0,155,81,81.0,32.87,1,0,1
66,0,157.0,147,73,53.0,30.32,1,0,1
60,0,218.0,179,62,87.0,35.37,0,0,1
65,0,239.0,125,71,112.0,34.25,1,0,1
62,1,357.0,122,95,96.0,31.75,0,0,1
58,1,185.0,136,71,50.0,39.7,0,0,1
41,1,177.0,102,104,52.0,,0,0,0
61,1,267.0,129,61,111.0,20.49,1,0,1
49,0,242.0,178,61,113.0,36.22,1,0,1
62,1,324.0,157,74,66.0,23.54,0,0,1
36,0,225.0,131,82,111.0,35.1,0,0,0
47,1,250.0,108,88,,39.06,0,0,0
77,1,307.0,171,76,,33.33,0,0,1
66,1,300.0,190,91,84.0,31.11,0,0,1
46,1,293.0,183,66,92.0,28.13,0,0,1
45,1,163.0,108,89,51.0,26.02,1,0,0
51,0,351.0,147,87,105.0,25.77,0,0,1
55,0,220.0,112,73,,32.0,1,0,1
30,1,386.0,143,103,103.0,34.53,0,0,1
51,0,329.0,169,89,65.0,32.93,0,1,1
64,1,273.0,154,76,67.0,22.37,1,0,1
58,1,274.0,101,91,56.0,28.87,1,0,1
36,0,186.0,113,105,94.0,35.42,0,0,0
69,1,178.0,123,65,85.0,28.47,0,0,0
77,1,344.0,142,110,90.0,29.81,1,0,1
31,1,292.0,97,83,91.0,34.96,0,0,0
34,1,377.0,107,65,56.0,32.55,0,0,0
69,1,324.0,146,86,64.0,27.01,0,0,1
41,1,323.0,94,77,109.0,37.7,1,0,1
50,1,329.0,115,83,89.0,21.58,1,0,1
45,0,168.0,119,96,86.0,39.9,1,1,1
52,1,354.0,143,115,115.0,20.61,0,0,1
70,1,255.0,102,83,104.0,18.33,0,0,0
26,0,170.0,172,97,105.0,37.58,0,1,1
78,1,213.0,118,93,93.0,23.39,1,0,1
67,1,314.0,92,99,106.0,34.05,0,0,1
25,0,176.0,179,106,55.0,35.84,0,0,0
75,1,204.0,193,74,81.0,36.9,0,0,1
77,1,393.0,147,70,67.0,39.82,0,0,1
60,1,,165,81,117.0,24.47,1,0,1
75,0,297.0,91,113,56.0,33.63,0,0,1
50,0,174.0,164,83,57.0,20.54,1,0,1
53,0,219.0,197,60,113.0,26.95,0,0,1
45,1,212.0,117,77,56.0,36.66,1,0,1
35,0,313.0,171,103,90.0,26.09,1,0,1
64,1,279.0,166,71,89.0,31.0,0,0,1
35,0,299.0,190,116,,,1,0,1
60,0,373.0,175,102,,32.21,0,0,1
73,1,165.0,165,87,115.0,39.4,1,0,1
63,1,,91,99,101.0,19.23,1,1,1
64,0,346.0,190,119,71.0,30.63,1,0,2
59,0,331.0,96,66,53.0,36.99,0,0,1
78,0,249.0,115,82,55.0,28.59,0,0,1
58,1,179.0,179,80,87.0,19.73,0,0,1
79,1,194.0,177,93,75.0,30.33,0,0,1
71,0,168.0,165,70,60.0,25.31,1,0,1
48,0,364.0,105,81,66.0,21.41,1,0,1
78,0,183.0,112,101,80.0,,1,0,1
46,1,290.0,129,94,84.0,29.48,0,0,0
29,1,320.0,149,111,65.0,38.53,1,0,1
80,0,211.0,162,88,67.0,35.73,1,0,1
57,1,267.0,121,101,111.0,33.25,1,0,1
60,0,370.0,104,87,76.0,18.11,0,0,1
71,0,249.0,190,118,84.0,27.41,0,0,1
44,1,171.0,102,77,94.0,22.34,0,0,0
43,1,329.0,94,73,84.0,38.04,0,0,0
59,1,329.0,164,77,77.0,21.84,0,0,1
76,1,260.0,163,87,58.0,24.29,1,0,1
67,0,,141,83,64.0,29.37,0,0,1
41,1,222.0,166,67,70.0,23.79,0,0,0
69,0,380.0,130,101,101.0,22.62,0,0,1
67,1,392.0,142,113,84.0,31.18,1,0,1
58,0,296.0,199,104,100.0,19.96,1,0,1
33,1,187.0,139,112,104.0,19.28,1,0,0
50,0,219.0,104,67,93.0,26.19,0,0,0
26,0,265.0,195,63,114.0,33.85,0,0,1
77,1,,96,86,74.0,30.21,1,1,2
33,0,228.0,129,95,96.0,27.3,0,0,0
33,1,334.0,117,64,105.0,30.45,0,0,0
64,0,297.0,121,92,87.0,26.04,0,0,1
41,0,158.0,188,108,60.0,38.6,0,0,1
25,0,181.0,104,93,116.0,,1,0,0
49,0,281.0,189,89,64.0,32.81,0,1,1
67,1,199.0,174,67,50.0,37.61,0,0,1
64,0,231.0,159,98,56.0,35.69,0,0,1
66,1,154.0,154,106,50.0,22.05,0,0,0
49,1,297.0,93,85,98.0,24.51,0,0,0
63,0,236.0,100,116,78.0,33.78,0,0,0
59,1,275.0,197,96,75.0,19.85,0,0,1
27,1,224.0,115,93,94.0,35.86,0,0,0
74,1,314.0,150,66,120.0,33.82,0,1,1
61,0,171.0,126,99,61.0,34.05,0,0,0
68,0,335.0,112,87,81.0,20.21,0,0,1
68,1,217.0,182,98,69.0,33.79,0,0,1
75,1,370.0,174,98,100.0,32.96,1,0,2
54,1,193.0,198,87,,36.28,0,1,1
62,0,183.0,198,73,116.0,18.92,0,0,1
58,1,226.0,180,112,50.0,18.51,0,0,1
36,1,191.0,192,109,76.0,26.21,1,0,1
43,1,286.0,129,97,89.0,21.27,0,0,0
61,0,255.0,166,63,,30.28,0,0,1
68,1,244.0,112,101,118.0,,1,0,1
73,0,284.0,105,77,55.0,26.61,1,0,1
41,0,217.0,183,103,82.0,36.59,1,1,1
34,1,296.0,150,107,104.0,18.01,0,0,0
79,0,383.0,157,84,68.0,21.71,0,0,1
73,0,371.0,193,66,78.0,,0,0,1
71,0,308.0,169,97,110.0,25.22,1,0,1
36,1,277.0,120,87,119.0,37.98,0,0,0
40,1,312.0,142,64,73.0,20.13,0,0,0
48,0,334.0,195,62,72.0,31.34,1,0,1
43,1,234.0,114,103,59.0,27.93,1,0,0
32,1,338.0,133,90,103.0,38.65,1,0,1
55,0,308.0,101,106,90.0,20.7,1,0,1
45,1,232.0,179,101,,22.66,1,0,1
41,1,244.0,190,117,66.0,18.65,0,1,1
47,1,330.0,186,79,105.0,27.55,1,0,1
61,0,181.0,181,78,94.0,24.11,1,0,1
78,1,215.0,98,107,79.0,37.14,0,0,1
40,1,336.0,101,119,93.0,31.31,0,0,0
30,0,265.0,158,70,104.0,31.51,1,0,1
32,0,287.0,143,99,68.0,29.7,0,0,0
49,0,279.0,143,62,78.0,20.02,1,0,1
42,0,343.0,117,82,51.0,27.79,0,0,0
49,1,,145,66,85.0,39.99,0,0,1
36,0,,188,82,68.0,36.38,0,0,1
39,0,,158,120,56.0,37.66,0,0,0
50,1,245.0,187,66,75.0,36.11,0,0,1
65,0,293.0,199,105,87.0,20.27,0,0,1
69,1,165.0,187,93,52.0,23.0,0,0,1
50,0,195.0,166,101,115.0,18.07,0,1,1
71,0,316.0,192,78,120.0,24.68,0,0,1
56,0,394.0,195,117,92.0,20.39,0,0,1
34,0,308.0,198,68,111.0,28.4,1,0,1
40,0,256.0,147,107,120.0,32.9,0,0,0
31,1,237.0,167,110,73.0,37.24,0,0,0
41,1,278.0,164,77,88.0,34.48,0,0,1
47,0,288.0,131,100,117.0,38.65,0,0,1
50,1,268.0,127,107,93.0,19.19,0,0,0
45,1,234.0,157,104,54.0,18.27,0,0,0
46,1,153.0,142,101,104.0,32.55,1,0,1
31,0,220.0,122,84,79.0,24.37,1,0,0
38,0,303.0,160,111,78.0,23.58,1,1,1
39,0,260.0,145,73,75.0,25.28,0,0,0
77,1,199.0,194,103,75.0,23.94,0,0,1
31,1,289.0,161,84,86.0,29.25,0,0,0
33,0,244.0,190,78,102.0,27.68,1,0,1
75,0,358.0,140,98,79.0,29.27,1,1,2
72,1,374.0,163,114,,32.8,0,0,1
32,1,352.0,132,74,92.0,,0,1,1
74,1,241.0,104,75,56.0,23.53,0,0,1
47,1,373.0,127,86,98.0,21.66,1,1,1
53,0,214.0,104,99,90.0,25.69,1,0,1
42,1,196.0,94,69,103.0,34.32,0,0,0
55,1,,182,63,118.0,34.65,1,0,2
54,0,330.0,172,110,76.0,32.67,0,0,1
76,1,255.0,143,78,57.0,23.15,1,0,1
63,1,348.0,140,87,81.0,30.94,1,0,1
59,0,279.0,99,80,113.0,30.56,1,0,1
42,1,255.0,101,118,59.0,28.65,0,1,0
66,1,173.0,93,106,62.0,30.1,0,0,0
63,1,153.0,184,73,112.0,28.82,0,0,1
41,0,257.0,107,92,84.0,30.44,0,0,0
38,0,168.0,169,107,110.0,33.74,1,1,1
55,1,303.0,193,69,103.0,20.41,0,1,1
48,0,352.0,125,78,,34.49,0,0,1
59,1,189.0,114,89,78.0,20.99,1,0,1
68,1,199.0,176,81,90.0,19.47,0,0,1
69,0,320.0,165,62,79.0,,0,0,1
58,1,224.0,187,96,70.0,39.05,0,0,1
27,1,386.0,125,100,60.0,19.33,0,0,0
61,0,344.0,190,77,,27.75,0,0,1
67,1,161.0,156,70,99.0,22.1,1,0,1
64,1,344.0,98,107,,28.68,0,0,1
50,1,383.0,150,61,115.0,36.26,1,0,1
79,1,176.0,142,71,52.0,38.91,0,0,1
47,1,262.0,107,113,100.0,31.95,0,0,0
68,1,331.0,132,65,117.0,25.79,0,0,1
63,1,343.0,124,102,74.0,31.27,0,0,1
39,1,198.0,152,118,79.0,24.86,0,0,0
80,1,293.0,187,99,60.0,38.02,0,0,1
73,0,279.0,194,103,66.0,37.15,0,1,2
28,1,209.0,167,88,75.0,30.28,0,0,0
53,0,331.0,93,118,72.0,25.15,0,0,0
46,0,179.0,182,89,105.0,24.45,0,0,0
49,0,233.0,130,61,101.0,18.74,1,0,1
37,1,315.0,134,68,97.0,35.95,1,0,1
42,1,177.0,139,106,69.0,27.91,0,0,0
57,1,174.0,168,61,51.0,25.15,0,0,1
40,1,245.0,117,88,80.0,28.36,1,0,0
69,1,274.0,131,92,76.0,36.01,0,0,1
66,1,159.0,169,69,51.0,20.74,1,0,1
68,1,337.0,165,93,53.0,36.87,0,0,1
26,0,191.0,158,103,62.0,37.75,1,1,1
79,0,189.0,187,114,84.0,38.83,0,0,1
59,1,374.0,195,67,115.0,26.74,1,0,2
66,1,226.0,90,96,55.0,22.78,0,0,0
58,0,397.0,128,113,80.0,26.22,0,0,1
54,0,254.0,185,119,59.0,25.32,0,0,1
79,1,267.0,179,92,70.0,21.88,0,0,1
37,0,191.0,106,106,72.0,31.36,1,0,0
37,1,196.0,180,65,52.0,28.49,0,0,0
42,1,314.0,177,103,81.0,37.05,1,1,2
56,0,395.0,124,99,69.0,18.71,0,0,1
56,0,357.0,135,104,78.0,32.17,1,0,1
59,1,386.0,131,78,101.0,34.78,0,0,1
63,1,171.0,128,91,95.0,34.71,1,1,1
70,1,334.0,179,86,83.0,37.49,1,0,2
76,1,361.0,138,60,110.0,34.04,0,1,2
53,0,391.0,151,102,120.0,38.41,1,0,1
73,1,256.0,127,111,119.0,25.32,1,0,1
53,1,176.0,112,92,60.0,29.07,0,0,0
77,1,190.0,111,99,112.0,18.31,0,0,0
68,0,229.0,93,91,70.0,18.15,0,1,1
40,1,311.0,138,64,52.0,23.28,1,0,1
80,1,309.0,148,76,59.0,20.22,0,1,1
68,0,367.0,162,67,76.0,23.72,0,0,1
71,0,238.0,157,116,61.0,21.89,0,0,1
34,1,215.0,160,101,56.0,18.63,0,0,0
54,0,161.0,176,93,66.0,38.0,1,0,1
49,0,317.0,91,68,114.0,18.18,1,0,1
63,0,222.0,138,115,113.0,34.19,0,0,1
44,1,225.0,177,82,75.0,21.35,0,0,0
29,1,239.0,193,94,64.0,,1,0,1
25,1,350.0,184,109,,37.64,0,0,1
54,0,159.0,200,66,111.0,32.39,0,0,1
73,1,245.0,120,74,96.0,32.79,0,0,1
27,1,398.0,200,112,84.0,18.12,0,0,1
69,1,375.0,129,113,114.0,39.67,0,0,1
38,1,325.0,137,79,74.0,37.31,1,0,1
80,0,169.0,140,109,106.0,37.69,0,0,1
54,1,188.0,132,84,81.0,32.5,1,0,1
74,0,209.0,187,62,112.0,25.59,0,0,1
28,1,215.0,144,119,61.0,37.66,0,0,0
42,0,214.0,177,114,112.0,24.41,1,0,1
61,0,328.0,138,105,50.0,30.38,0,0,1
49,0,273.0,179,83,100.0,20.19,0,0,1
72,1,313.0,169,93,119.0,38.28,0,0,1
25,0,301.0,146,105,,21.1,0,0,0
77,1,395.0,200,81,117.0,22.95,1,0,2
70,0,304.0,166,70,54.0,30.28,0,0,1
39,0,279.0,104,107,88.0,34.81,1,0,1
33,1,308.0,116,67,72.0,31.63,0,0,0
39,0,206.0,157,98,117.0,23.11,0,0,0
73,0,227.0,169,102,101.0,18.02,1,0,1
48,1,343.0,153,94,53.0,34.66,1,1,2
28,0,178.0,183,108,96.0,39.67,0,0,0
36,0,164.0,197,105,70.0,,0,0,0
61,0,161.0,119,97,105.0,28.12,0,0,0
61,1,250.0,125,67,115.0,37.88,0,0,1
67,1,305.0,156,113,108.0,27.02,1,0,1
30,1,233.0,175,96,56.0,29.55,1,0,1
63,1,274.0,175,86,98.0,28.5,0,0,1
80,0,252.0,138,87,65.0,27.85,1,0,1
70,0,173.0,165,99,66.0,35.05,0,0,1
48,1,298.0,144,93,83.0,29.59,0,0,1
35,0,287.0,174,91,82.0,24.97,0,1,1
37,0,259.0,145,74,75.0,23.68,1,0,1
58,0,227.0,157,103,115.0,18.83,1,1,1
49,0,250.0,184,76,112.0,30.83,0,0,1
31,1,295.0,133,92,90.0,23.06,0,0,0
76,0,365.0,120,106,107.0,21.26,1,0,1
28,1,291.0,147,105,59.0,,0,0,0
32,0,311.0,176,111,64.0,,0,1,1
44,1,277.0,142,113,91.0,34.55,1,0,1
53,0,207.0,173,75,106.0,29.08,1,0,1
78,0,225.0,168,88,66.0,37.67,0,0,1
77,1,299.0,112,68,109.0,38.6,0,0,1
75,1,397.0,117,92,58.0,35.76,0,0,1
69,0,347.0,105,119,85.0,31.98,0,0,1
70,0,185.0,126,108,85.0,24.68,1,1,1
34,0,322.0,110,88,97.0,39.62,0,0,0
67,0,313.0,168,72,100.0,24.03,1,0,1
58,0,,106,80,119.0,22.46,0,0,0
50,1,355.0,126,117,,27.73,0,0,1
65,0,276.0,166,80,71.0,19.25,0,0,1
73,0,229.0,108,64,55.0,39.53,1,0,1
27,1,338.0,119,69,75.0,,0,0,0
80,1,249.0,134,65,52.0,30.25,0,0,1
30,1,333.0,107,115,101.0,32.43,0,1,1
29,0,366.0,167,110,109.0,28.93,0,0,1
29,0,245.0,151,116,112.0,18.71,0,0,0
78,1,310.0,125,72,114.0,31.47,0,0,1
71,0,322.0,189,60,101.0,33.76,0,0,1
47,0,313.0,173,79,63.0,27.17,0,0,1
73,1,297.0,141,116,117.0,34.66,0,0,1
33,1,167.0,108,106,77.0,22.99,0,0,0
59,1,187.0,198,105,120.0,22.87,0,1,1
44,0,344.0,133,67,59.0,21.55,0,0,1
73,0,300.0,96,69,106.0,26.18,0,0,1
66,1,373.0,133,68,115.0,36.63,1,1,2
59,0,258.0,157,108,99.0,36.21,0,0,1
74,1,272.0,123,100,63.0,26.42,0,0,1
42,1,293.0,155,62,65.0,30.96,0,0,1
41,1,336.0,158,70,103.0,33.86,1,1,1
48,0,346.0,144,71,92.0,23.31,1,0,1
27,0,345.0,99,69,91.0,21.7,0,0,0
56,1,298.0,185,84,71.0,39.39,0,0,1
59,1,253.0,131,108,117.0,31.59,0,0,1
62,1,,130,108,68.0,39.59,1,0,1
37,0,355.0,166,84,115.0,25.43,1,0,1
80,0,380.0,192,70,88.0,33.47,0,0,2
71,1,372.0,158,113,68.0,22.9,1,0,1
49,1,355.0,99,95,65.0,23.75,1,0,1
33,1,347.0,99,98,103.0,29.26,0,0,0
28,0,289.0,191,112,74.0,25.03,0,0,1
38,1,293.0,180,85,67.0,21.69,0,0,1
61,1,230.0,149,73,72.0,23.78,0,0,1
58,1,,140,98,60.0,18.79,1,0,1
35,0,236.0,110,115,88.0,33.5,0,0,0
65,0,291.0,97,99,117.0,28.83,1,0,1
80,1,210.0,154,60,74.0,20.07,1,0,1
27,0,348.0,181,115,112.0,,0,0,1
52,1,195.0,192,113,79.0,20.26,0,0,1
53,1,181.0,167,63,94.0,31.48,1,0,1
33,0,164.0,174,120,110.0,20.07,1,1,1
27,1,193.0,119,89,100.0,34.59,1,0,0
49,0,294.0,174,71,58.0,18.45,0,0,1
58,1,318.0,138,115,51.0,23.49,0,0,1
36,1,203.0,98,94,54.0,37.59,0,0,0
66,0,388.0,106,72,111.0,33.81,1,0,1
33,0,193.0,158,111,118.0,19.61,0,0,0
39,0,247.0,147,90,101.0,36.06,1,0,1
64,0,154.0,146,97,54.0,,0,0,0
49,1,258.0,151,102,108.0,36.63,1,0,1
29,1,176.0,184,82,117.0,31.22,0,0,0
35,0,265.0,141,63,58.0,33.0,0,0,0
58,0,236.0,150,111,,39.86,0,0,1
48,0,253.0,129,75,76.0,23.11,0,0,0
39,1,272.0,127,66,59.0,31.73,0,0,0
62,0,,132,81,110.0,28.13,0,0,1
32,1,228.0,152,88,100.0,18.87,0,0,0
29,1,192.0,108,70,59.0,18.32,0,0,0
72,1,246.0,189,115,55.0,20.62,1,0,1
50,0,394.0,139,92,111.0,32.28,0,0,1
42,1,180.0,122,117,54.0,30.48,0,0,0
30,0,248.0,102,88,119.0,30.18,1,0,0
61,0,166.0,167,118,112.0,18.7,0,0,0
72,1,369.0,186,98,105.0,28.32,1,0,2
37,1,232.0,151,71,108.0,38.34,0,0,0
52,0,259.0,182,66,112.0,26.75,0,0,1
29,0,331.0,132,118,108.0,31.75,0,0,0
37,0,339.0,138,114,100.0,35.16,0,0,1
41,0,364.0,125,98,99.0,35.25,0,0,1
74,0,181.0,197,101,53.0,29.42,0,0,1
64,0,317.0,99,107,97.0,36.87,0,0,1
69,1,290.0,184,85,81.0,26.61,0,0,1
56,1,400.0,95,99,100.0,37.55,0,0,1
53,1,361.0,146,68,101.0,23.28,0,0,1
75,1,184.0,90,100,83.0,24.16,0,0,0
27,0,282.0,160,93,85.0,19.17,0,0,0
80,1,350.0,147,104,119.0,35.5,0,0,1
64,1,178.0,180,72,92.0,27.18,0,0,1
58,1,219.0,110,114,65.0,23.04,0,0,0
64,1,302.0,181,114,108.0,23.1,0,0,1
51,1,244.0,169,95,102.0,37.83,0,0,1
37,1,171.0,145,84,68.0,36.35,0,0,0
69,0,343.0,199,83,90.0,30.18,0,0,1
57,1,322.0,176,103,96.0,31.55,0,0,1
30,1,218.0,109,76,103.0,28.44,0,0,0
48,1,368.0,191,61,104.0,26.62,0,0,1
43,1,238.0,143,72,68.0,38.14,0,0,0
40,0,221.0,114,90,111.0,20.76,0,0,0
64,0,396.0,117,88,108.0,27.21,1,0,1
52,1,278.0,94,109,114.0,25.58,1,0,1
57,1,361.0,110,87,117.0,28.96,0,0,1
72,1,321.0,107,119,77.0,28.07,0,0,1
65,0,236.0,136,86,67.0,29.42,0,0,1
37,0,245.0,159,74,75.0,21.08,1,0,1
67,1,224.0,146,90,68.0,29.29,0,0,1
69,1,316.0,182,99,104.0,23.33,1,0,1
49,1,388.0,108,74,106.0,22.06,0,1,1
77,1,203.0,186,92,55.0,19.43,0,0,1
66,1,237.0,154,79,50.0,34.78,0,0,1
60,0,352.0,198,101,57.0,27.4,0,0,1
51,1,306.0,92,71,100.0,31.79,0,0,0
62,0,203.0,131,96,74.0,,0,0,1
31,0,367.0,110,68,96.0,32.94,0,0,0
29,1,165.0,188,82,104.0,28.35,1,0,1
67,1,248.0,194,67,113.0,26.53,0,0,1
69,0,169.0,129,91,59.0,26.27,0,0,0
